{"type":"FeatureCollection","features":[{"id":"feature_00","type":"Feature","properties":{"name":"Бурятия"},"geometry":{"type":"Polygon","coordinates":[[[99.23,52.96],[99.23,52.87],[98.94,52.94],[98.85,52.8],[98.95,52.79],[98.94,52.67],[98.63,52.42],[98.66,52.26],[98.83,52.27],[98.82,52.2],[98.97,52.14],[99.35,51.94],[99.75,51.9],[99.86,51.77],[100.65,51.73],[101.39,51.45],[101.54,51.5],[102.12,51.36],[102.19,51.29],[102.11,51.24],[102.24,50.97],[102.22,50.81],[102.33,50.75],[102.31,50.68],[102.55,50.58],[102.65,50.41],[102.93,50.31],[103.23,50.32],[103.29,50.19],[104.14,50.15],[104.39,50.31],[105.35,50.48],[105.98,50.42],[106.26,50.3],[106.74,50.32],[107.02,50.2],[107.24,49.99],[107.76,49.97],[107.73,50.15],[107.94,50.24],[107.97,50.32],[108.11,50.31],[108.21,50.41],[108.69,50.51],[108.18,50.65],[108.06,50.77],[108.27,50.82],[108.34,51.06],[108.56,51.12],[108.38,51.26],[108.5,51.41],[108.62,51.41],[108.63,51.49],[108.92,51.43],[109.06,51.52],[109.23,51.37],[109.39,51.35],[109.42,51.43],[109.98,51.62],[110.69,51.51],[111.02,51.79],[111.71,51.98],[112.07,52.28],[112.38,52.2],[112.55,52.35],[112.92,52.33],[113.15,52.45],[113.59,52.45],[113.81,52.61],[114.08,52.66],[114.26,52.82],[114.23,52.9],[114.37,53.05],[114.14,53.08],[114.21,53.18],[113.95,53.25],[113.8,53.62],[114.97,53.99],[115.16,54.19],[115.6,54.41],[116.72,54.53],[116.75,54.66],[116.91,54.79],[116.84,55.03],[116.47,55.23],[116.38,55.38],[116.11,55.34],[115.9,55.41],[115.96,55.44],[115.87,55.51],[115.91,55.65],[115.83,55.68],[115.83,55.8],[115.9,55.93],[115.78,55.99],[115.75,56.12],[115.83,56.15],[115.67,56.3],[115.67,56.41],[115.8,56.44],[115.68,56.57],[115.42,56.62],[115.58,56.71],[115.59,56.88],[115.73,56.96],[116.25,57.14],[116.15,57.23],[115.84,57.25],[115.65,57.12],[115.07,57.11],[114.99,57.03],[115.08,56.98],[114.91,56.91],[114.77,56.69],[114.16,56.7],[113.86,56.52],[113.79,56.61],[113.5,56.69],[113.32,56.63],[112.87,56.69],[112.72,56.77],[112.68,56.87],[112.74,56.95],[112.68,56.97],[112.43,56.86],[112.22,56.86],[112.08,56.96],[111.79,56.91],[111.53,57.13],[111.33,56.97],[111.34,56.9],[111.16,56.82],[110.76,56.89],[110.58,56.83],[110.09,56.99],[109.89,56.9],[109.88,56.78],[109.75,56.7],[109.42,56.74],[108.67,56.57],[108.74,56.5],[108.56,56.32],[108.87,56.19],[108.99,56.01],[109.24,56.02],[109.27,55.96],[108.97,55.94],[108.82,55.85],[108.78,55.61],[108.68,55.61],[108.7,55.5],[108.61,55.44],[108.8,55.17],[108.69,55.02],[108.76,54.93],[108.7,54.66],[108.55,54.54],[109.07,54.43],[109.0,54.34],[108.37,53.76],[108.01,53.24],[106.17,52.36],[105.6,51.85],[104.6,51.63],[104.67,51.34],[104.59,51.29],[104.2,51.28],[103.81,51.13],[103.8,51.43],[103.59,51.49],[103.37,51.43],[103.24,51.51],[103.18,51.62],[103.23,51.81],[102.76,52.0],[102.57,52.22],[102.15,52.28],[101.93,52.22],[101.96,52.32],[101.69,52.4],[101.41,52.63],[100.91,52.78],[100.38,53.1],[100.33,53.16],[100.42,53.25],[100.27,53.37],[99.87,53.31],[99.84,53.2],[99.4,53.11],[99.23,52.96]]]}},{"id":"feature_01","type":"Feature","properties":{"name":"Карачаево-Черкесская республика"},"geometry":{"type":"Polygon","coordinates":[[[41.74,44.47],[41.59,44.36],[41.74,44.27],[41.7,44.17],[41.48,44.0],[41.32,43.98],[41.25,44.01],[41.27,44.1],[40.89,44.14],[40.93,44.02],[40.69,43.72],[40.71,43.53],[41.07,43.39],[41.4,43.37],[41.62,43.22],[42.04,43.19],[42.41,43.26],[42.46,43.62],[42.68,43.7],[42.68,43.81],[42.58,44.03],[42.48,43.97],[42.3,44.04],[42.38,44.17],[42.61,44.27],[42.55,44.37],[42.34,44.31],[42.03,44.35],[41.92,44.41],[41.94,44.5],[41.74,44.47]]]}},{"id":"feature_02","type":"Feature","properties":{"name":"Сахалинская область"},"geometry":{"type":"MultiPolygon","coordinates":[[[[145.99,43.37],[146.0,43.36],[146.02,43.37],[145.99,43.37]]],[[[146.18,43.51],[146.2,43.53],[146.06,43.52],[146.12,43.46],[146.18,43.51]]],[[[146.1,43.43],[146.1,43.45],[146.03,43.41],[146.08,43.41],[146.1,43.43]]],[[[145.9,43.42],[145.91,43.43],[145.95,43.42],[145.86,43.46],[145.9,43.42]]],[[[146.33,43.62],[146.31,43.65],[146.27,43.63],[146.33,43.62]]],[[[146.86,43.87],[146.61,43.82],[146.59,43.75],[146.79,43.74],[146.92,43.82],[146.86,43.87]]],[[[145.55,43.65],[145.59,43.87],[145.78,43.93],[145.94,44.15],[146.57,44.45],[146.08,44.47],[145.73,44.05],[145.4,43.84],[145.43,43.72],[145.55,43.73],[145.55,43.65]]],[[[146.95,44.43],[147.6,44.85],[147.64,44.98],[147.9,44.96],[148.32,45.22],[148.84,45.34],[148.89,45.51],[148.65,45.54],[148.22,45.26],[148.04,45.27],[147.9,45.43],[147.87,45.23],[147.64,45.08],[147.5,45.11],[147.52,45.0],[147.25,44.81],[147.1,44.82],[147.19,44.71],[147.01,44.66],[147.01,44.58],[146.95,44.63],[146.86,44.45],[146.95,44.43]]],[[[154.69,49.27],[154.83,49.3],[154.81,49.47],[154.92,49.61],[154.81,49.63],[154.61,49.36],[154.69,49.27]]],[[[154.47,49.76],[154.46,49.82],[154.39,49.77],[154.44,49.73],[154.47,49.76]]],[[[144.67,48.64],[144.75,48.65],[144.67,48.73],[144.69,48.86],[144.39,49.04],[144.12,49.76],[143.78,50.33],[143.34,51.71],[143.19,51.96],[143.2,51.85],[143.11,51.93],[143.18,51.99],[143.14,52.22],[143.28,52.45],[143.34,52.83],[143.21,53.31],[142.9,53.85],[142.99,54.11],[142.73,54.42],[142.52,54.3],[142.26,54.31],[142.69,53.95],[142.6,53.68],[142.48,53.66],[142.51,53.55],[142.56,53.6],[142.66,53.52],[142.42,53.38],[142.25,53.39],[142.25,53.54],[141.69,53.39],[141.81,53.41],[141.79,53.26],[141.92,53.04],[141.83,52.55],[141.63,52.33],[141.69,52.15],[141.63,51.89],[141.83,51.79],[141.78,51.72],[141.67,51.74],[142.07,51.48],[142.26,51.07],[142.1,50.79],[142.03,50.8],[142.09,50.77],[142.04,50.54],[142.16,50.32],[142.16,49.64],[142.01,48.95],[141.85,48.77],[142.14,48.33],[142.2,47.98],[141.96,47.62],[141.97,47.3],[142.06,47.08],[141.81,46.6],[141.95,46.21],[141.92,46.04],[142.03,45.93],[142.08,45.9],[142.17,46.02],[142.4,46.59],[142.55,46.71],[142.71,46.75],[142.77,46.61],[143.25,46.55],[143.42,46.21],[143.41,46.03],[143.62,46.37],[143.48,46.83],[143.3,46.8],[143.1,46.91],[143.02,47.25],[142.69,47.5],[142.53,47.75],[142.55,48.08],[142.98,48.9],[142.97,49.12],[143.42,49.31],[144.06,49.25],[144.56,48.89],[144.67,48.64]]],[[[154.49,49.08],[154.59,49.09],[154.6,49.13],[154.46,49.17],[154.49,49.08]]],[[[154.04,48.73],[154.22,48.89],[154.09,48.89],[153.98,48.74],[154.04,48.73]]],[[[154.01,48.94],[153.93,48.97],[153.9,48.94],[153.92,48.92],[154.01,48.94]]],[[[153.5,48.99],[153.47,48.99],[153.47,48.98],[153.5,48.97],[153.5,48.99]]],[[[152.79,47.52],[152.82,47.5],[152.85,47.54],[152.84,47.54],[152.82,47.52],[152.79,47.52]]],[[[153.03,47.71],[153.06,47.76],[153.04,47.81],[152.97,47.75],[153.03,47.71]]],[[[153.26,48.3],[153.24,48.3],[153.23,48.29],[153.25,48.28],[153.26,48.3]]],[[[153.28,48.08],[153.29,48.07],[153.3,48.07],[153.28,48.08]]],[[[153.28,48.04],[153.27,48.09],[153.17,48.11],[153.23,48.04],[153.28,48.04]]],[[[154.98,50.19],[155.01,50.2],[154.95,50.2],[154.98,50.19]]],[[[156.41,50.64],[156.51,50.76],[156.48,50.87],[156.2,50.77],[156.19,50.68],[156.41,50.64]]],[[[155.66,50.81],[155.63,50.91],[155.46,50.88],[155.53,50.81],[155.66,50.81]]],[[[155.42,50.02],[155.52,50.15],[155.89,50.25],[156.04,50.47],[156.17,50.51],[156.15,50.75],[155.9,50.69],[155.65,50.38],[155.21,50.29],[155.22,50.05],[155.42,50.02]]],[[[150.78,46.47],[150.8,46.45],[150.84,46.45],[150.83,46.48],[150.78,46.47]]],[[[150.85,46.5],[150.9,46.51],[150.91,46.54],[150.85,46.54],[150.85,46.5]]],[[[150.75,46.73],[150.72,46.74],[150.71,46.72],[150.74,46.7],[150.75,46.73]]],[[[151.82,46.77],[152.29,47.15],[152.18,47.15],[151.88,46.86],[151.71,46.84],[151.82,46.77]]],[[[152.51,47.3],[152.51,47.37],[152.42,47.36],[152.43,47.3],[152.51,47.3]]],[[[149.53,45.57],[150.12,45.89],[150.57,46.23],[150.22,46.19],[149.78,45.85],[149.67,45.85],[149.4,45.58],[149.53,45.57]]]]}},{"id":"feature_03","type":"Feature","properties":{"name":"Воронежская область"},"geometry":{"type":"Polygon","coordinates":[[[38.29,51.97],[38.43,51.94],[38.4,51.78],[38.52,51.75],[38.14,51.64],[38.3,51.52],[38.29,51.39],[38.38,51.39],[38.29,51.3],[38.52,51.21],[38.38,51.15],[38.39,51.08],[38.63,51.0],[38.76,51.07],[38.86,51.04],[38.8,50.98],[38.88,50.91],[38.73,50.9],[38.71,50.8],[38.85,50.78],[38.77,50.72],[39.12,50.62],[39.05,50.62],[39.13,50.51],[38.98,50.44],[39.1,50.34],[39.03,50.29],[39.12,50.27],[39.12,50.16],[39.28,50.03],[39.18,49.89],[39.29,49.76],[39.61,49.73],[39.66,49.61],[39.81,49.56],[40.14,49.62],[40.53,49.58],[40.64,49.67],[40.92,49.7],[41.08,49.94],[41.38,50.08],[41.29,50.16],[41.4,50.2],[41.52,50.36],[41.42,50.5],[41.54,50.57],[41.17,50.78],[41.78,51.02],[41.93,51.19],[42.55,51.14],[42.71,51.25],[42.88,51.23],[42.95,51.27],[42.86,51.4],[42.52,51.6],[42.27,51.61],[42.31,51.69],[42.23,51.72],[42.12,51.73],[42.09,51.63],[41.46,51.81],[41.0,51.72],[40.88,51.74],[40.95,51.89],[40.53,51.95],[40.13,52.0],[39.81,51.92],[39.48,51.98],[39.47,52.07],[39.3,52.1],[39.14,52.08],[39.07,51.98],[38.71,52.1],[38.29,51.97]]]}},{"id":"feature_04","type":"Feature","properties":{"name":"Томская область"},"geometry":{"type":"Polygon","coordinates":[[[75.11,58.58],[75.38,58.45],[75.06,58.34],[75.24,58.2],[75.07,58.12],[75.57,57.93],[75.55,57.63],[75.7,57.63],[75.85,57.39],[75.97,57.39],[76.1,57.24],[76.92,57.16],[78.46,57.17],[78.44,57.11],[79.59,56.92],[80.26,56.42],[81.22,56.54],[81.58,56.24],[82.77,56.41],[82.81,56.52],[83.11,56.55],[83.29,56.44],[83.14,56.38],[83.19,56.33],[83.07,56.23],[83.21,56.21],[83.13,56.12],[83.3,56.1],[83.23,56.01],[83.4,55.89],[83.21,55.73],[83.45,55.72],[83.44,55.67],[83.62,55.66],[83.95,56.02],[84.2,56.06],[84.34,55.98],[84.46,56.04],[84.9,56.16],[84.99,56.11],[85.23,56.23],[85.67,56.21],[85.56,56.28],[86.11,56.5],[86.22,56.63],[86.44,56.55],[86.68,56.64],[87.12,56.54],[87.22,56.57],[87.17,56.66],[87.39,56.65],[87.36,56.59],[87.6,56.66],[87.66,56.54],[88.36,56.83],[88.6,56.8],[88.71,57.09],[88.51,57.13],[88.74,57.21],[88.87,57.48],[89.06,57.46],[89.16,57.49],[89.1,57.52],[89.13,57.62],[89.35,57.62],[89.37,57.87],[89.3,57.95],[88.86,57.95],[88.11,58.11],[88.02,58.21],[87.93,58.51],[88.38,58.89],[88.83,59.02],[88.58,59.21],[88.63,59.3],[87.9,59.26],[87.52,59.66],[87.17,59.68],[87.08,59.88],[86.64,59.95],[84.68,59.9],[84.57,59.98],[84.62,60.17],[84.79,60.35],[84.26,60.86],[83.95,60.84],[83.48,61.04],[83.16,61.03],[82.38,60.71],[82.41,60.61],[82.17,60.52],[81.88,60.64],[81.1,60.64],[81.05,60.76],[80.7,60.8],[80.2,60.68],[79.4,60.64],[79.3,60.71],[79.31,60.79],[79.19,60.83],[78.8,60.75],[78.7,60.83],[77.97,60.74],[77.11,60.86],[77.1,60.71],[76.96,60.65],[77.07,60.53],[76.8,60.47],[76.76,60.38],[76.87,60.27],[76.71,60.11],[76.77,59.99],[76.66,59.57],[76.18,59.53],[75.99,59.38],[75.9,59.4],[75.84,59.28],[75.64,59.21],[75.7,58.97],[75.13,58.66],[75.2,58.62],[75.11,58.58]]]}},{"id":"feature_05","type":"Feature","properties":{"name":"Новосибирская область"},"geometry":{"type":"Polygon","coordinates":[[[76.1,57.24],[76.29,56.7],[76.04,56.62],[75.83,56.42],[76.11,56.45],[76.08,56.29],[76.31,56.16],[75.73,56.11],[75.26,55.84],[75.37,55.74],[75.09,55.73],[75.26,55.63],[75.14,55.58],[75.31,55.54],[75.09,55.38],[75.37,55.07],[75.41,54.99],[75.33,54.91],[75.51,54.91],[75.53,54.8],[75.64,54.81],[75.69,54.67],[75.8,54.7],[75.85,54.61],[75.69,54.55],[75.69,54.12],[76.22,54.26],[76.26,54.36],[76.68,54.34],[76.92,54.46],[76.96,54.42],[76.77,54.38],[76.88,54.3],[76.76,54.17],[76.43,54.12],[76.54,54.0],[77.91,53.29],[77.89,53.37],[77.97,53.39],[77.92,53.45],[78.07,53.47],[77.92,53.57],[78.23,53.62],[78.25,53.5],[78.36,53.47],[78.64,53.51],[78.62,53.64],[78.69,53.65],[79.42,53.68],[79.89,53.84],[79.88,53.91],[80.09,53.99],[80.05,54.04],[80.52,54.1],[80.53,54.17],[80.86,54.24],[80.81,54.34],[80.95,54.38],[81.13,54.11],[81.59,54.02],[81.54,53.9],[81.83,53.96],[81.83,53.87],[81.72,53.78],[81.82,53.69],[82.19,53.68],[82.15,53.61],[82.48,53.5],[82.57,53.5],[82.5,53.55],[82.67,53.64],[82.62,53.67],[82.76,53.75],[82.72,53.78],[83.2,54.07],[83.3,54.08],[83.35,53.93],[83.45,53.95],[83.56,54.11],[84.55,54.16],[84.67,54.29],[85.12,54.44],[84.93,54.61],[85.0,54.68],[84.89,54.73],[85.09,54.82],[84.84,54.99],[84.93,55.16],[84.82,55.23],[84.92,55.32],[84.62,55.4],[84.78,55.53],[84.71,55.67],[84.54,55.72],[84.61,55.8],[84.46,55.89],[84.57,56.0],[84.46,56.04],[84.34,55.98],[84.2,56.06],[83.95,56.02],[83.62,55.66],[83.44,55.67],[83.45,55.72],[83.21,55.73],[83.4,55.89],[83.23,56.01],[83.3,56.1],[83.13,56.12],[83.21,56.21],[83.07,56.23],[83.19,56.33],[83.14,56.38],[83.29,56.44],[83.11,56.55],[82.81,56.52],[82.77,56.41],[81.58,56.24],[81.22,56.54],[80.26,56.42],[79.59,56.92],[78.44,57.11],[78.46,57.17],[76.92,57.16],[76.1,57.24]]]}},{"id":"feature_06","type":"Feature","properties":{"name":"Ненецкий автономный округ"},"geometry":{"type":"MultiPolygon","coordinates":[[[[53.88,68.25],[53.85,68.24],[53.89,68.24],[53.88,68.25]]],[[[54.0,68.34],[53.98,68.37],[53.85,68.35],[53.94,68.28],[54.0,68.34]]],[[[52.3,68.54],[52.32,68.52],[52.34,68.55],[52.3,68.54]]],[[[58.31,70.23],[58.34,70.22],[58.37,70.24],[58.33,70.23],[58.31,70.23]]],[[[58.65,70.46],[58.68,70.45],[58.72,70.45],[58.65,70.46]]],[[[64.73,69.12],[64.79,69.2],[64.71,69.25],[64.92,69.31],[64.2,69.52],[63.11,69.68],[60.85,69.86],[60.72,69.81],[60.78,69.73],[60.71,69.67],[60.33,69.66],[60.19,69.55],[60.63,69.26],[60.67,69.11],[60.9,69.12],[60.94,68.91],[61.15,68.84],[60.96,68.85],[60.89,68.89],[60.45,68.7],[59.96,68.71],[59.81,68.63],[59.98,68.45],[59.69,68.31],[59.12,68.4],[59.17,68.52],[59.06,68.57],[59.19,68.66],[59.48,68.68],[59.47,68.75],[58.95,68.92],[59.32,68.97],[58.87,68.98],[58.0,68.81],[58.04,68.75],[57.94,68.71],[57.65,68.71],[57.88,68.69],[57.51,68.64],[57.32,68.53],[56.01,68.64],[55.34,68.54],[54.86,68.31],[54.95,68.26],[54.87,68.15],[54.47,68.29],[53.85,67.95],[54.35,68.34],[54.03,68.21],[53.2,68.26],[53.43,68.36],[53.83,68.32],[53.94,68.41],[53.88,68.54],[53.72,68.62],[53.99,68.84],[53.6,68.87],[54.58,68.97],[54.33,68.99],[53.87,68.96],[52.3,68.6],[52.5,68.6],[52.75,68.47],[52.41,68.33],[52.17,68.35],[52.38,68.47],[52.04,68.51],[52.28,68.56],[52.23,68.58],[50.81,68.35],[51.49,68.48],[51.12,68.48],[49.17,67.85],[48.59,67.91],[48.78,67.83],[48.74,67.71],[49.04,67.65],[48.65,67.69],[47.84,67.58],[47.94,67.46],[47.68,67.19],[47.76,67.06],[47.62,66.89],[46.66,66.82],[46.02,66.83],[45.8,66.91],[45.56,67.17],[44.92,67.32],[44.96,67.47],[45.31,67.57],[45.36,67.71],[46.69,67.81],[46.53,68.13],[45.81,68.47],[46.02,68.43],[45.54,68.52],[45.28,68.54],[44.08,68.53],[43.29,68.67],[44.22,68.27],[44.15,67.91],[44.3,67.89],[44.12,67.88],[44.08,67.69],[44.17,67.67],[44.07,67.66],[43.77,67.24],[43.9,67.15],[44.18,67.13],[44.52,66.91],[44.37,66.76],[44.56,66.65],[44.44,66.63],[44.38,66.5],[44.25,66.44],[44.85,66.23],[46.35,66.04],[47.14,65.82],[47.8,65.84],[47.75,65.91],[47.91,66.03],[48.03,66.01],[48.08,66.13],[49.0,66.11],[51.54,66.77],[51.53,66.94],[51.78,66.92],[52.15,67.1],[53.88,67.0],[61.6,66.99],[61.73,67.1],[62.87,67.37],[62.92,67.45],[62.83,67.52],[63.14,67.69],[63.43,67.77],[63.76,67.72],[63.71,67.8],[64.0,67.9],[63.87,68.03],[64.58,68.2],[64.53,68.28],[64.58,68.36],[65.47,68.42],[65.67,68.56],[65.44,68.65],[65.45,68.73],[65.35,68.73],[65.4,68.79],[64.56,68.87],[64.63,68.93],[64.54,69.03],[64.73,69.12]]],[[[49.39,68.66],[49.52,68.67],[49.61,68.69],[49.55,68.69],[49.39,68.66]]],[[[54.26,68.8],[54.41,68.79],[54.2,68.82],[54.26,68.8]]],[[[54.9,68.93],[54.98,68.93],[55.01,68.93],[54.93,68.94],[54.9,68.93]]],[[[49.98,68.92],[49.99,68.92],[50.09,68.95],[49.98,68.92]]],[[[59.49,69.03],[59.5,69.03],[59.4,69.06],[59.45,69.03],[59.49,69.03]]],[[[50.17,69.05],[50.2,69.05],[50.22,69.08],[50.19,69.08],[50.17,69.05]]],[[[49.07,68.67],[48.77,68.7],[49.62,68.83],[49.83,68.9],[49.72,68.88],[50.05,69.13],[50.31,69.11],[50.29,69.15],[50.15,69.25],[49.24,69.5],[48.74,69.46],[48.33,69.26],[48.22,69.03],[48.24,68.79],[48.44,68.72],[49.07,68.67]]],[[[64.83,69.16],[64.83,69.16],[64.76,69.13],[64.83,69.16]]],[[[65.08,69.26],[64.94,69.26],[64.9,69.18],[65.08,69.26]]],[[[59.27,69.19],[59.25,69.25],[58.74,69.36],[58.88,69.29],[59.19,69.23],[59.33,69.11],[59.27,69.19]]],[[[61.2,69.86],[61.18,69.87],[61.27,69.84],[61.2,69.86]]],[[[58.57,69.46],[58.55,69.48],[58.49,69.48],[58.49,69.45],[58.57,69.46]]],[[[59.48,69.83],[59.41,69.83],[59.36,69.82],[59.45,69.82],[59.48,69.83]]],[[[59.48,69.83],[59.69,69.8],[59.52,69.72],[59.99,69.66],[60.01,69.72],[60.5,69.71],[60.56,69.79],[60.45,69.93],[59.59,70.2],[59.08,70.46],[58.8,70.42],[58.67,70.31],[58.5,70.33],[58.82,70.2],[58.41,70.24],[59.07,69.86],[59.18,69.85],[59.12,69.9],[59.18,69.92],[59.48,69.83]]]]}},{"id":"feature_07","type":"Feature","properties":{"name":"Магаданская область"},"geometry":{"type":"MultiPolygon","coordinates":[[[[150.4,59.57],[150.42,59.6],[150.37,59.58],[150.37,59.57],[150.4,59.57]]],[[[150.47,59.0],[150.61,59.0],[150.77,59.12],[150.71,59.15],[150.47,59.0]]],[[[148.98,59.11],[149.02,59.12],[149.02,59.15],[148.96,59.14],[148.98,59.11]]],[[[155.52,59.21],[155.53,59.2],[155.54,59.21],[155.52,59.21]]],[[[149.07,59.32],[149.08,59.3],[149.1,59.31],[149.07,59.32]]],[[[155.51,59.32],[155.6,59.32],[155.59,59.33],[155.51,59.32]]],[[[149.06,59.16],[149.1,59.16],[149.14,59.21],[149.05,59.21],[149.06,59.16]]],[[[158.54,66.34],[158.4,66.22],[158.5,66.09],[157.74,66.1],[157.33,65.89],[156.96,65.96],[157.04,66.01],[156.68,66.19],[156.43,66.04],[156.07,66.05],[155.75,66.16],[155.17,66.18],[154.89,66.11],[154.59,66.22],[154.39,66.18],[154.23,66.05],[154.43,65.99],[154.27,65.81],[154.09,65.78],[154.09,65.85],[153.96,65.87],[153.53,65.81],[153.48,65.75],[153.58,65.69],[153.44,65.49],[153.59,65.4],[153.5,65.35],[152.71,65.21],[152.52,64.92],[152.59,64.81],[152.85,64.7],[152.38,64.53],[152.45,64.39],[152.33,64.37],[152.13,64.36],[151.97,64.49],[151.5,64.43],[151.41,64.33],[150.64,64.34],[150.59,64.3],[150.67,64.19],[150.55,64.17],[150.2,64.23],[150.02,64.35],[150.14,64.47],[149.87,64.56],[149.34,64.38],[148.71,64.4],[148.33,64.53],[148.05,64.41],[148.32,64.22],[148.02,63.94],[147.67,64.01],[147.73,64.12],[147.64,64.18],[147.34,64.11],[147.29,64.02],[147.01,64.13],[146.37,64.19],[146.17,63.93],[145.57,63.81],[145.67,63.77],[145.68,63.67],[145.47,63.53],[145.44,63.38],[145.25,63.16],[145.41,62.87],[145.35,62.75],[145.46,62.71],[145.4,62.6],[145.48,62.54],[145.14,62.48],[145.2,62.28],[144.99,62.24],[144.99,62.16],[144.74,62.05],[144.96,62.07],[145.45,61.95],[145.62,61.97],[145.63,62.05],[145.97,62.0],[146.35,61.84],[146.6,61.62],[146.58,61.53],[146.74,61.47],[146.69,61.41],[146.75,61.39],[146.76,61.09],[146.66,61.07],[146.75,61.0],[146.5,60.94],[146.53,60.84],[146.44,60.67],[146.08,60.74],[145.53,60.46],[145.66,60.39],[145.56,60.31],[145.86,60.17],[146.37,60.25],[146.54,60.1],[146.69,60.09],[146.8,59.91],[147.06,59.93],[147.21,59.73],[147.12,59.7],[147.11,59.41],[146.94,59.37],[147.54,59.24],[147.63,59.31],[147.79,59.26],[147.84,59.29],[147.79,59.35],[147.9,59.39],[148.3,59.4],[148.4,59.38],[148.42,59.25],[148.93,59.23],[148.99,59.38],[148.75,59.36],[148.73,59.46],[148.87,59.55],[148.93,59.45],[149.23,59.46],[149.05,59.62],[149.56,59.76],[150.57,59.54],[150.77,59.56],[150.52,59.49],[150.75,59.49],[150.75,59.44],[150.94,59.45],[150.91,59.56],[151.45,59.56],[151.66,59.46],[151.77,59.35],[151.74,59.3],[152.14,59.3],[152.32,59.22],[151.93,59.13],[151.1,59.11],[151.34,58.84],[152.05,58.89],[152.18,58.99],[152.39,59.01],[152.35,59.05],[152.9,58.9],[153.0,59.06],[153.34,59.09],[153.36,59.2],[153.45,59.23],[153.84,59.17],[154.05,59.05],[154.31,59.09],[154.33,59.19],[154.49,59.22],[154.81,59.13],[154.83,59.2],[155.18,59.17],[155.21,59.35],[154.97,59.49],[154.41,59.55],[154.53,59.41],[154.42,59.42],[154.39,59.54],[154.29,59.44],[154.13,59.46],[154.08,59.52],[154.23,59.66],[154.37,59.58],[154.23,59.73],[154.21,59.88],[154.45,59.89],[154.37,59.83],[154.48,59.89],[154.51,60.03],[154.86,60.31],[155.81,60.73],[155.9,60.7],[155.99,60.94],[156.66,61.21],[156.67,61.51],[156.89,61.54],[157.03,61.65],[157.34,61.68],[157.49,61.79],[158.08,61.73],[158.29,61.83],[158.85,61.82],[159.03,61.92],[159.39,61.88],[159.35,61.82],[159.54,61.79],[159.57,61.65],[159.88,61.7],[160.06,61.85],[160.35,61.94],[160.41,61.76],[160.26,61.69],[160.32,61.67],[160.28,61.56],[159.88,61.32],[159.99,61.28],[159.77,61.24],[159.94,61.24],[160.0,61.11],[159.79,60.93],[159.86,60.9],[160.18,61.04],[160.43,61.03],[160.18,60.82],[160.25,60.74],[160.15,60.58],[160.44,60.75],[160.41,60.7],[160.79,60.72],[160.91,60.9],[161.58,61.19],[161.82,61.37],[161.91,61.35],[161.87,61.43],[162.01,61.38],[162.46,61.67],[162.39,61.76],[162.48,61.8],[162.29,61.93],[162.49,61.96],[162.53,62.08],[162.17,62.15],[162.73,62.27],[162.78,62.45],[162.68,62.57],[162.83,62.66],[162.26,62.93],[162.38,63.11],[162.78,63.19],[162.78,63.31],[162.66,63.38],[162.97,63.48],[163.0,63.62],[162.71,63.79],[162.94,63.87],[162.82,64.14],[163.18,64.16],[163.26,64.29],[163.5,64.36],[163.19,64.54],[163.26,64.69],[162.75,64.66],[162.65,64.74],[161.8,64.84],[161.72,65.0],[161.28,65.15],[160.5,65.18],[160.09,65.5],[158.91,65.74],[158.93,65.89],[159.26,66.16],[159.23,66.24],[158.54,66.34]]]]}},{"id":"feature_08","type":"Feature","properties":{"name":"Камчатский край"},"geometry":{"type":"MultiPolygon","coordinates":[[[[163.5,58.47],[163.58,58.57],[164.14,58.8],[164.62,58.87],[164.73,59.05],[164.59,59.24],[164.31,59.11],[163.73,59.01],[163.92,58.99],[163.6,58.6],[163.41,58.55],[163.5,58.47]]],[[[168.07,54.53],[167.44,54.88],[167.56,54.75],[168.1,54.5],[168.07,54.53]]],[[[166.6,54.72],[166.68,54.7],[166.64,54.87],[166.29,55.12],[166.24,55.27],[166.3,55.3],[165.97,55.37],[165.75,55.29],[165.98,55.23],[166.18,54.96],[166.6,54.72]]],[[[162.46,61.67],[162.75,61.59],[162.62,61.66],[162.86,61.71],[162.94,61.65],[162.86,61.62],[163.02,61.51],[163.32,61.66],[163.34,61.71],[162.96,61.81],[163.19,62.07],[163.11,62.07],[163.08,62.22],[163.37,62.34],[163.19,62.43],[163.27,62.53],[164.44,62.69],[165.11,62.45],[164.53,62.44],[164.16,62.27],[164.06,61.69],[163.87,61.65],[163.75,61.47],[163.96,61.43],[164.02,61.34],[163.94,61.23],[163.49,61.0],[163.76,60.92],[163.73,60.87],[162.89,60.75],[162.71,60.61],[161.94,60.42],[161.92,60.21],[161.49,60.04],[160.88,59.62],[160.49,59.55],[160.4,59.39],[159.86,59.12],[159.72,58.98],[159.71,58.84],[159.09,58.44],[158.22,58.03],[158.32,57.99],[157.68,58.02],[157.43,57.79],[157.13,57.78],[157.01,57.85],[156.86,57.8],[156.78,57.72],[156.95,57.61],[156.99,57.4],[156.74,57.08],[156.54,57.09],[156.47,56.95],[156.12,56.81],[155.96,56.63],[155.65,55.97],[155.57,55.13],[156.15,52.85],[156.45,52.19],[156.53,51.32],[156.71,51.2],[156.7,51.08],[156.77,51.06],[156.67,50.87],[157.47,51.36],[157.56,51.5],[157.91,51.63],[158.27,51.96],[158.4,52.23],[158.55,52.29],[158.48,52.34],[158.55,52.42],[158.41,52.41],[158.53,52.53],[158.39,52.65],[158.55,52.63],[158.6,52.69],[158.48,52.77],[158.64,52.9],[158.45,52.9],[158.42,53.01],[158.58,53.06],[158.71,52.89],[159.08,53.11],[159.62,53.26],[160.04,53.1],[160.02,53.26],[159.94,53.21],[159.9,53.25],[159.98,53.32],[159.84,53.4],[159.95,53.57],[159.84,53.76],[160.07,54.19],[160.81,54.55],[161.14,54.59],[161.28,54.48],[161.57,54.47],[162.14,54.75],[162.15,54.85],[161.87,55.08],[161.74,55.37],[161.77,55.61],[162.08,56.08],[162.6,56.23],[163.02,56.01],[163.36,56.18],[163.25,56.44],[163.25,56.73],[162.93,56.69],[162.78,56.77],[162.85,57.03],[162.78,57.35],[163.09,57.48],[163.32,57.73],[163.21,57.82],[162.7,57.95],[162.55,57.93],[162.53,57.75],[162.38,57.67],[162.48,57.77],[162.09,57.87],[161.99,58.08],[162.27,58.53],[162.21,58.57],[162.31,58.56],[163.07,58.99],[162.9,59.12],[163.03,59.15],[163.22,59.04],[163.25,59.08],[163.23,59.14],[163.08,59.25],[163.34,59.27],[163.35,59.3],[163.34,59.4],[163.2,59.5],[163.27,59.55],[163.21,59.54],[163.41,59.62],[163.37,59.73],[163.43,59.83],[163.76,59.95],[163.66,60.01],[164.29,59.98],[164.31,60.07],[164.49,60.1],[164.71,60.0],[164.83,59.79],[165.13,59.9],[165.19,60.08],[166.27,60.47],[166.38,60.41],[166.26,60.39],[166.25,60.37],[166.29,60.32],[166.28,60.24],[166.31,60.2],[166.21,60.13],[166.09,59.82],[166.29,59.81],[167.09,60.32],[167.05,60.4],[167.23,60.34],[167.79,60.47],[167.8,60.53],[168.45,60.6],[169.41,60.51],[169.74,60.4],[169.97,60.07],[170.33,59.93],[170.42,59.97],[170.53,60.26],[170.69,60.31],[170.64,60.41],[171.39,60.61],[171.71,60.83],[172.01,60.89],[172.07,60.84],[172.22,60.97],[172.03,61.09],[172.28,61.01],[172.48,61.05],[172.3,61.1],[172.44,61.14],[172.34,61.2],[172.65,61.17],[172.97,61.28],[172.76,61.42],[173.2,61.41],[173.3,61.51],[173.49,61.54],[173.49,61.71],[173.58,61.74],[173.83,61.64],[174.21,61.8],[174.47,61.81],[174.45,62.02],[174.16,62.08],[174.14,62.2],[174.0,62.28],[174.15,62.34],[174.16,62.42],[173.89,62.44],[173.67,62.55],[172.85,62.35],[172.56,62.45],[172.29,62.37],[172.21,62.46],[172.08,62.46],[171.85,62.41],[171.9,62.36],[171.49,62.3],[171.25,62.32],[171.32,62.37],[171.26,62.38],[170.84,62.25],[170.19,62.3],[170.07,62.46],[170.12,62.49],[169.99,62.52],[170.09,62.64],[170.05,62.67],[169.85,62.66],[169.16,62.97],[168.92,62.94],[168.47,63.08],[168.75,63.18],[168.71,63.23],[169.15,63.47],[169.64,63.65],[169.57,63.81],[169.39,63.86],[169.39,63.94],[168.88,63.99],[168.8,64.18],[168.48,64.32],[168.04,64.27],[167.69,64.32],[167.23,64.62],[166.79,64.52],[166.19,64.62],[165.84,64.55],[165.9,64.61],[165.73,64.66],[165.69,64.75],[165.45,64.73],[165.14,64.85],[165.02,64.84],[165.01,64.68],[164.87,64.68],[164.8,64.77],[164.22,64.94],[163.91,64.85],[163.54,64.93],[163.36,64.8],[163.13,64.79],[163.26,64.69],[163.19,64.54],[163.5,64.36],[163.26,64.29],[163.18,64.16],[162.82,64.14],[162.94,63.87],[162.71,63.79],[163.0,63.62],[162.97,63.48],[162.66,63.38],[162.78,63.31],[162.78,63.19],[162.38,63.11],[162.26,62.93],[162.83,62.66],[162.68,62.57],[162.78,62.45],[162.73,62.27],[162.17,62.15],[162.53,62.08],[162.49,61.96],[162.29,61.93],[162.48,61.8],[162.39,61.76],[162.46,61.67]]],[[[162.78,60.8],[162.78,60.83],[162.77,60.8],[162.78,60.8]]],[[[163.27,60.85],[163.3,60.86],[163.29,60.87],[163.27,60.85]]],[[[172.46,61.1],[172.49,61.1],[172.49,61.11],[172.46,61.1]]],[[[162.99,61.46],[163.01,61.45],[163.02,61.47],[162.99,61.46]]],[[[162.53,61.57],[162.63,61.56],[162.65,61.57],[162.58,61.59],[162.53,61.57]]],[[[163.46,62.34],[163.49,62.34],[163.49,62.35],[163.46,62.34]]]]}},{"id":"feature_09","type":"Feature","properties":{"name":"Приморский край"},"geometry":{"type":"MultiPolygon","coordinates":[[[[132.47,42.8],[132.46,42.86],[132.41,42.9],[132.4,42.83],[132.47,42.8]]],[[[131.66,42.89],[131.64,42.86],[131.65,42.85],[131.68,42.87],[131.66,42.89]]],[[[130.91,42.46],[130.94,42.47],[130.94,42.48],[130.91,42.47],[130.91,42.46]]],[[[131.44,42.66],[131.47,42.65],[131.48,42.67],[131.47,42.68],[131.44,42.66]]],[[[131.44,42.66],[131.42,42.68],[131.42,42.67],[131.44,42.66]]],[[[132.34,42.73],[132.36,42.73],[132.35,42.78],[132.31,42.76],[132.34,42.73]]],[[[131.5,42.73],[131.52,42.72],[131.52,42.73],[131.5,42.73]]],[[[131.44,42.83],[131.45,42.83],[131.46,42.83],[131.44,42.83]]],[[[131.44,42.8],[131.45,42.8],[131.45,42.81],[131.44,42.8]]],[[[134.01,46.66],[133.84,46.48],[133.94,46.4],[133.86,46.34],[133.91,46.26],[133.69,46.16],[133.74,46.05],[133.67,45.94],[133.46,45.83],[133.47,45.62],[133.19,45.5],[133.09,45.29],[133.13,45.15],[132.97,45.02],[131.99,45.26],[131.88,45.34],[131.48,44.96],[130.96,44.86],[131.1,44.71],[131.3,44.06],[131.19,43.53],[131.31,43.4],[131.11,42.91],[130.67,42.85],[130.4,42.72],[130.61,42.63],[130.55,42.52],[130.65,42.33],[130.7,42.29],[130.87,42.52],[130.84,42.56],[130.77,42.58],[130.8,42.63],[130.92,42.59],[131.12,42.67],[131.22,42.55],[131.26,42.77],[131.47,42.88],[131.38,42.94],[131.49,42.94],[131.71,43.19],[131.78,43.18],[131.7,43.2],[131.78,43.32],[131.97,43.26],[132.07,43.31],[131.71,42.98],[131.71,42.9],[131.75,42.9],[131.75,42.98],[131.91,42.96],[131.85,43.08],[131.96,43.06],[132.29,43.32],[132.39,43.2],[132.31,43.16],[132.32,42.84],[132.4,42.95],[132.57,42.84],[132.77,42.91],[132.81,42.76],[132.99,42.83],[133.09,42.74],[133.04,42.67],[133.52,42.83],[133.92,42.87],[134.19,43.07],[135.14,43.5],[135.22,43.71],[135.44,43.77],[135.53,43.9],[135.46,43.88],[135.46,43.96],[135.52,43.92],[135.53,44.01],[135.63,44.04],[135.65,44.18],[135.88,44.41],[136.15,44.5],[136.3,44.75],[136.45,44.77],[136.8,45.2],[137.69,45.81],[138.11,46.25],[138.16,46.43],[138.34,46.54],[138.35,46.69],[138.56,47.03],[139.03,47.4],[138.54,47.48],[138.63,47.6],[138.51,47.68],[138.76,47.76],[138.83,47.87],[138.58,48.03],[138.72,48.14],[138.7,48.21],[138.55,48.2],[138.47,48.41],[138.31,48.46],[137.88,48.21],[137.59,48.25],[137.31,48.1],[137.61,47.92],[137.42,47.81],[138.05,47.7],[137.97,47.62],[138.08,47.51],[137.47,47.21],[137.04,47.28],[136.93,47.08],[136.98,47.03],[136.62,46.8],[136.23,46.78],[136.09,46.87],[135.95,46.8],[135.71,46.92],[135.75,46.97],[135.36,46.92],[135.43,47.04],[135.09,47.21],[135.01,47.13],[134.66,47.12],[134.55,46.97],[134.44,46.97],[134.43,46.7],[134.01,46.66]]]]}},{"id":"feature_10","type":"Feature","properties":{"name":"Ставропольский край"},"geometry":{"type":"Polygon","coordinates":[[[41.16,45.95],[41.27,45.76],[41.17,45.76],[41.17,45.67],[40.85,45.69],[40.85,45.52],[40.92,45.52],[41.04,45.23],[41.28,45.26],[41.46,44.99],[41.65,44.99],[41.59,44.77],[41.43,44.71],[41.59,44.52],[41.74,44.47],[41.94,44.5],[41.92,44.41],[42.03,44.35],[42.34,44.31],[42.55,44.37],[42.61,44.27],[42.38,44.17],[42.3,44.04],[42.48,43.97],[42.58,44.03],[42.68,43.81],[43.15,43.9],[43.15,43.96],[43.22,43.96],[43.32,43.8],[43.47,43.87],[43.73,43.82],[43.92,44.02],[44.27,43.92],[44.42,44.02],[44.29,43.81],[44.79,43.82],[44.83,43.68],[45.06,43.72],[45.06,43.96],[45.44,43.88],[45.49,44.01],[45.5,44.18],[45.1,44.19],[45.37,44.29],[45.43,44.43],[45.23,44.47],[45.24,44.56],[45.52,44.68],[45.7,44.98],[45.59,45.13],[44.83,45.44],[44.32,45.55],[43.92,45.95],[43.47,45.99],[42.93,46.24],[42.55,46.01],[42.32,45.97],[42.31,46.14],[42.17,46.11],[42.15,45.94],[41.72,45.98],[41.16,45.95]]]}},{"id":"feature_11","type":"Feature","properties":{"name":"Алтайский край"},"geometry":{"type":"Polygon","coordinates":[[[85.12,54.44],[84.67,54.29],[84.55,54.16],[83.56,54.11],[83.45,53.95],[83.35,53.93],[83.3,54.08],[83.2,54.07],[82.72,53.78],[82.76,53.75],[82.62,53.67],[82.67,53.64],[82.5,53.55],[82.57,53.5],[82.48,53.5],[82.15,53.61],[82.19,53.68],[81.82,53.69],[81.72,53.78],[81.83,53.87],[81.83,53.96],[81.54,53.9],[81.59,54.02],[81.13,54.11],[80.95,54.38],[80.81,54.34],[80.86,54.24],[80.53,54.17],[80.52,54.1],[80.05,54.04],[80.09,53.99],[79.88,53.91],[79.89,53.84],[79.42,53.68],[78.69,53.65],[78.62,53.64],[78.64,53.51],[78.36,53.47],[78.25,53.5],[78.23,53.62],[77.92,53.57],[78.07,53.47],[77.92,53.45],[77.97,53.39],[77.89,53.37],[77.91,53.29],[79.18,51.93],[80.07,50.74],[80.07,50.85],[80.19,50.82],[80.19,50.9],[80.48,50.97],[80.44,51.18],[80.64,51.21],[80.68,51.32],[81.05,51.18],[81.14,51.21],[81.07,50.94],[81.42,50.97],[81.46,50.75],[81.77,50.82],[82.57,50.74],[82.73,50.84],[82.73,50.93],[82.98,50.88],[83.12,51.01],[83.41,51.01],[83.83,50.88],[84.07,50.63],[84.47,50.69],[84.59,50.82],[84.44,50.86],[84.49,50.95],[83.94,51.07],[83.93,51.14],[84.1,51.14],[84.12,51.07],[84.26,51.28],[84.42,51.27],[85.0,51.51],[85.19,51.49],[85.45,51.56],[85.47,51.7],[85.7,51.73],[85.78,51.82],[85.72,51.84],[85.87,51.91],[85.82,51.97],[85.89,52.03],[85.8,52.05],[85.92,52.11],[86.23,52.01],[86.4,52.03],[86.46,52.13],[86.8,52.16],[86.72,52.2],[86.78,52.29],[86.62,52.41],[86.68,52.44],[86.63,52.53],[86.8,52.52],[86.81,52.65],[87.13,52.62],[87.16,52.71],[87.07,52.7],[86.91,52.85],[87.05,53.04],[86.64,53.18],[86.63,53.25],[86.85,53.32],[86.93,53.5],[86.81,53.45],[86.4,53.6],[86.29,53.83],[86.18,53.81],[86.13,53.98],[85.87,54.04],[85.63,54.21],[85.43,54.19],[85.12,54.44]]]}},{"id":"feature_12","type":"Feature","properties":{"name":"Москва"},"geometry":{"type":"MultiPolygon","coordinates":[[[[37.05,55.14],[37.22,55.25],[37.41,55.25],[37.47,55.39],[37.4,55.47],[37.54,55.44],[37.6,55.58],[37.97,55.72],[37.56,55.95],[37.41,55.88],[37.41,55.95],[37.33,55.95],[37.41,55.87],[37.33,55.77],[37.42,55.66],[37.09,55.59],[37.14,55.44],[36.82,55.51],[36.86,55.38],[37.02,55.28],[36.94,55.24],[37.05,55.14]]],[[[37.85,55.81],[37.87,55.8],[37.88,55.82],[37.87,55.82],[37.85,55.81]]],[[[37.13,56.02],[37.15,55.96],[37.26,55.97],[37.19,56.02],[37.13,56.02]]]]}},{"id":"feature_13","type":"Feature","properties":{"name":"Тыва"},"geometry":{"type":"Polygon","coordinates":[[[88.79,51.55],[89.01,51.39],[88.96,51.24],[89.06,51.05],[89.4,50.85],[89.64,50.58],[89.85,50.53],[89.82,50.41],[89.65,50.37],[89.5,50.46],[89.5,50.36],[89.38,50.34],[89.31,50.21],[89.52,50.18],[89.59,49.91],[89.97,49.97],[90.07,50.09],[90.49,50.23],[90.67,50.21],[90.7,50.31],[90.91,50.35],[90.92,50.42],[91.41,50.45],[91.46,50.55],[91.65,50.59],[91.78,50.72],[92.27,50.73],[92.36,50.89],[92.65,50.71],[92.79,50.81],[93.01,50.79],[92.96,50.66],[93.12,50.59],[94.28,50.58],[94.39,50.22],[94.61,50.04],[94.98,50.05],[95.08,49.96],[95.53,49.9],[95.85,50.05],[95.98,49.97],[96.26,49.98],[96.42,49.87],[96.52,49.94],[96.61,49.87],[96.98,49.9],[97.33,49.76],[97.76,50.0],[97.89,49.93],[98.31,50.33],[98.26,50.42],[98.33,50.5],[98.01,50.67],[97.95,50.81],[98.03,50.86],[97.83,51.03],[98.05,51.45],[98.23,51.46],[98.23,51.6],[98.35,51.73],[98.77,51.87],[98.86,52.14],[98.97,52.14],[98.82,52.2],[98.83,52.27],[98.66,52.26],[98.63,52.42],[98.94,52.67],[98.95,52.79],[98.85,52.8],[98.94,52.94],[99.23,52.87],[99.23,52.96],[99.0,53.03],[99.06,53.09],[98.93,53.15],[98.31,53.09],[98.29,53.23],[98.0,53.25],[97.98,53.35],[97.59,53.38],[97.33,53.59],[96.89,53.73],[96.73,53.72],[96.69,53.65],[96.66,53.56],[96.44,53.51],[96.24,53.62],[96.23,53.52],[96.11,53.45],[95.73,53.52],[95.41,53.37],[95.21,53.47],[95.04,53.37],[94.62,53.33],[94.72,53.24],[94.6,53.17],[94.52,52.91],[94.14,52.83],[94.1,52.69],[93.77,52.45],[93.68,52.21],[93.34,52.13],[92.87,51.84],[92.08,51.77],[91.8,51.89],[91.26,51.88],[91.07,51.95],[90.85,51.9],[90.75,52.07],[90.49,52.2],[90.14,52.15],[90.16,52.06],[90.01,51.97],[90.14,51.76],[89.93,51.76],[89.66,51.54],[89.44,51.61],[89.25,51.54],[89.21,51.66],[88.79,51.55]]]}},{"id":"feature_14","type":"Feature","properties":{"name":"Тамбовская область"},"geometry":{"type":"Polygon","coordinates":[[[40.17,53.31],[40.1,53.28],[40.12,52.94],[40.04,52.91],[40.08,52.75],[39.92,52.71],[40.05,52.55],[40.33,52.46],[40.29,52.39],[40.73,52.25],[40.77,52.2],[40.64,52.18],[40.59,52.09],[40.64,52.04],[40.53,51.95],[40.95,51.89],[40.88,51.74],[41.0,51.72],[41.46,51.81],[42.09,51.63],[42.12,51.73],[42.23,51.72],[42.31,51.69],[42.27,51.61],[42.52,51.6],[42.51,51.71],[42.67,51.81],[42.73,52.01],[42.82,52.02],[42.77,52.18],[42.89,52.21],[42.92,52.36],[43.04,52.37],[43.03,52.49],[43.12,52.51],[43.06,52.56],[43.25,52.64],[42.96,52.93],[42.55,53.12],[42.51,53.17],[42.57,53.18],[42.41,53.34],[42.24,53.36],[42.3,53.45],[42.11,53.52],[42.14,53.71],[42.08,53.75],[42.14,53.8],[41.41,53.78],[41.36,53.53],[41.14,53.42],[40.96,53.5],[40.83,53.46],[40.7,53.56],[40.47,53.44],[40.42,53.5],[40.37,53.34],[40.17,53.31]]]}},{"id":"feature_15","type":"Feature","properties":{"name":"Свердловская область"},"geometry":{"type":"Polygon","coordinates":[[[59.35,61.66],[59.45,61.42],[59.25,61.26],[59.37,60.97],[59.47,60.94],[59.42,60.64],[59.15,60.34],[58.99,59.91],[58.84,59.93],[58.8,59.84],[58.69,59.86],[58.6,59.69],[58.48,59.71],[58.36,59.46],[58.52,59.44],[58.68,59.27],[59.2,59.15],[59.09,59.0],[59.21,58.95],[59.08,58.91],[59.11,58.77],[59.4,58.71],[59.45,58.48],[59.29,58.42],[59.19,58.28],[58.92,58.28],[58.59,58.04],[58.73,57.85],[58.86,57.84],[58.85,57.73],[58.54,57.56],[58.45,57.67],[58.15,57.7],[58.12,57.6],[58.03,57.61],[57.94,57.3],[58.05,57.25],[57.99,57.21],[58.03,57.15],[58.12,57.14],[58.04,57.11],[58.07,57.05],[57.87,57.06],[57.83,56.96],[57.66,56.91],[57.37,56.96],[57.25,56.88],[57.32,56.71],[57.44,56.68],[57.34,56.61],[57.42,56.58],[57.31,56.39],[57.41,56.34],[57.48,56.12],[57.6,56.09],[57.86,56.15],[58.38,56.08],[58.56,56.17],[58.9,56.05],[59.04,56.17],[59.17,56.2],[59.14,56.32],[59.22,56.36],[59.72,56.32],[59.64,56.25],[59.76,56.22],[60.26,56.2],[60.55,56.22],[60.58,56.32],[60.68,56.31],[60.66,56.22],[61.11,56.18],[61.18,56.21],[61.09,56.32],[61.16,56.37],[61.67,56.32],[61.87,56.22],[61.84,56.18],[62.06,56.13],[62.07,56.3],[62.27,56.34],[62.27,56.42],[62.52,56.56],[62.65,56.49],[62.89,56.59],[63.18,56.59],[63.36,56.49],[63.4,56.61],[63.52,56.61],[63.83,56.48],[64.18,56.46],[64.18,56.59],[64.34,56.64],[64.33,56.76],[64.83,56.84],[64.93,56.77],[65.17,56.76],[65.25,56.92],[65.11,56.89],[65.01,56.97],[65.0,57.23],[64.83,57.29],[64.9,57.33],[64.85,57.45],[64.99,57.56],[64.83,57.65],[65.42,57.84],[65.52,57.74],[65.68,57.84],[65.67,57.9],[65.8,57.87],[66.18,58.01],[66.0,58.25],[65.95,58.61],[65.66,58.66],[65.37,58.9],[65.24,59.2],[65.12,59.22],[65.08,59.31],[64.02,59.38],[63.87,59.46],[63.82,59.74],[63.6,60.14],[63.18,60.22],[63.23,60.29],[62.76,60.85],[62.83,61.0],[62.48,61.26],[61.2,61.66],[59.99,61.72],[59.97,61.88],[59.49,61.95],[59.33,61.84],[59.42,61.75],[59.35,61.66]]]}},{"id":"feature_16","type":"Feature","properties":{"name":"Ханты-Мансийский автономный округ - Югра"},"geometry":{"type":"Polygon","coordinates":[[[62.0,65.72],[61.3,65.33],[61.36,65.25],[61.3,65.18],[61.14,65.17],[60.95,65.01],[60.81,65.02],[60.73,64.93],[60.21,65.08],[59.63,64.8],[59.74,64.66],[59.61,64.65],[59.46,64.5],[59.6,64.5],[59.65,64.38],[59.56,64.25],[59.84,64.09],[59.56,63.91],[59.47,63.55],[59.31,63.39],[59.37,63.37],[59.32,63.12],[59.2,63.03],[59.46,62.89],[59.36,62.75],[59.44,62.57],[59.64,62.55],[59.61,62.37],[59.4,62.16],[59.49,61.95],[59.97,61.88],[59.99,61.72],[61.2,61.66],[62.48,61.26],[62.83,61.0],[62.76,60.85],[63.23,60.29],[63.18,60.22],[63.6,60.14],[63.82,59.74],[63.87,59.46],[64.02,59.38],[65.08,59.31],[65.12,59.22],[65.24,59.2],[65.37,58.9],[65.66,58.66],[65.95,58.61],[66.36,58.58],[66.79,58.66],[66.77,58.92],[67.05,58.93],[67.73,59.2],[68.27,59.25],[68.4,59.31],[68.57,59.59],[68.73,59.57],[69.31,59.77],[69.07,59.9],[69.27,59.99],[69.62,59.97],[69.65,59.91],[70.13,59.95],[70.4,59.84],[70.74,59.88],[71.0,59.83],[71.18,59.91],[71.26,59.79],[72.09,59.53],[72.44,59.3],[72.42,59.21],[72.53,59.15],[72.97,59.13],[72.93,59.05],[73.1,58.95],[73.02,58.88],[73.72,58.86],[74.14,58.73],[75.13,58.66],[75.7,58.97],[75.64,59.21],[75.84,59.28],[75.9,59.4],[75.99,59.38],[76.18,59.53],[76.66,59.57],[76.77,59.99],[76.71,60.11],[76.87,60.27],[76.76,60.38],[76.8,60.47],[77.07,60.53],[76.96,60.65],[77.1,60.71],[77.11,60.86],[77.97,60.74],[78.7,60.83],[78.8,60.75],[79.19,60.83],[79.31,60.79],[79.3,60.71],[79.4,60.64],[80.2,60.68],[80.7,60.8],[81.05,60.76],[81.1,60.64],[81.88,60.64],[82.17,60.52],[82.41,60.61],[82.38,60.71],[83.16,61.03],[83.48,61.04],[83.95,60.84],[84.26,60.86],[85.7,61.28],[85.64,61.37],[85.98,61.48],[85.84,61.59],[84.68,61.81],[84.52,61.93],[84.44,62.2],[84.24,62.38],[84.03,62.4],[83.81,62.57],[83.32,62.46],[82.76,62.66],[82.76,62.75],[82.16,62.81],[81.74,62.7],[81.29,62.86],[81.32,62.91],[81.1,63.01],[81.04,63.15],[80.92,63.16],[79.91,62.79],[79.84,62.61],[78.74,62.6],[78.09,62.46],[77.14,62.81],[77.02,62.97],[76.67,63.03],[76.34,62.95],[75.78,63.12],[74.52,63.04],[74.25,63.17],[73.5,63.19],[73.05,63.43],[72.66,63.28],[72.13,63.3],[71.65,63.19],[71.56,63.57],[71.46,63.68],[70.92,63.7],[70.56,64.02],[70.77,64.11],[70.77,64.19],[70.29,64.34],[69.4,64.39],[69.25,64.48],[68.86,64.44],[69.04,64.33],[68.91,64.23],[68.45,64.29],[67.78,64.02],[66.84,64.21],[66.97,64.51],[66.2,64.59],[65.37,64.55],[65.18,64.47],[63.61,64.27],[63.41,64.33],[63.52,64.36],[63.48,64.46],[63.25,64.52],[62.91,64.47],[62.56,64.56],[62.81,64.74],[62.81,64.84],[62.7,64.87],[62.87,65.29],[62.46,65.34],[62.37,65.43],[62.43,65.5],[62.0,65.72]]]}},{"id":"feature_17","type":"Feature","properties":{"name":"Чукотский автономный округ"},"geometry":{"type":"MultiPolygon","coordinates":[[[[-172.66,64.6],[-172.49,64.59],[-172.45,64.62],[-172.73,64.62],[-172.66,64.6]]],[[[-172.52,64.69],[-172.07,64.76],[-172.39,64.84],[-172.64,64.7],[-172.52,64.69]]],[[[-169.06,65.75],[-169.0,65.8],[-169.01,65.81],[-169.1,65.8],[-169.06,65.75]]],[[[-174.72,67.15],[-174.75,67.07],[-174.69,67.01],[-174.67,67.06],[-174.72,67.15]]],[[[-180.0,65.04],[-179.68,65.14],[-179.54,65.24],[-179.49,65.41],[-179.27,65.53],[-179.34,65.57],[-179.27,65.63],[-179.59,65.72],[-179.78,65.89],[-179.68,66.17],[-179.54,66.12],[-179.63,66.11],[-179.28,66.13],[-179.2,66.19],[-179.38,66.32],[-179.16,66.26],[-179.07,66.37],[-179.05,66.26],[-179.11,66.25],[-178.84,66.16],[-178.5,66.38],[-178.44,66.22],[-178.51,66.11],[-178.68,66.09],[-178.66,66.02],[-178.75,65.98],[-178.92,66.04],[-178.82,65.94],[-178.88,65.91],[-178.41,65.7],[-178.53,65.49],[-177.57,65.44],[-176.95,65.6],[-176.0,65.44],[-175.89,65.35],[-176.04,65.39],[-175.73,65.13],[-175.89,65.0],[-175.37,64.84],[-175.42,64.77],[-174.78,64.76],[-173.62,64.33],[-173.3,64.44],[-173.34,64.59],[-173.22,64.52],[-173.25,64.42],[-173.17,64.43],[-173.36,64.36],[-173.37,64.29],[-173.11,64.24],[-172.84,64.3],[-172.79,64.43],[-173.02,64.45],[-172.96,64.49],[-172.76,64.51],[-172.72,64.4],[-172.59,64.37],[-172.23,64.41],[-172.43,64.54],[-172.97,64.57],[-172.83,64.66],[-173.06,64.66],[-172.74,64.76],[-172.91,64.84],[-173.18,64.77],[-172.96,64.86],[-172.76,64.83],[-172.38,64.93],[-172.1,65.06],[-172.21,65.33],[-172.09,65.48],[-170.99,65.5],[-170.98,65.59],[-171.24,65.65],[-171.46,65.83],[-171.22,65.76],[-171.18,65.71],[-170.58,65.61],[-170.49,65.68],[-170.54,65.86],[-169.98,66.04],[-169.72,66.01],[-169.65,66.08],[-171.32,66.65],[-171.39,66.72],[-171.34,66.76],[-171.68,66.86],[-171.63,66.91],[-171.72,66.95],[-173.65,67.11],[-174.61,67.06],[-174.04,66.97],[-173.92,66.68],[-174.27,66.57],[-173.69,66.43],[-174.0,66.21],[-173.94,66.45],[-174.21,66.47],[-174.16,66.41],[-174.38,66.34],[-174.47,66.39],[-174.4,66.47],[-174.45,66.53],[-174.92,66.65],[-174.7,66.73],[-174.76,66.9],[-174.69,66.92],[-174.85,66.98],[-174.91,67.09],[-174.87,67.27],[-174.75,67.31],[-175.24,67.55],[-175.28,67.67],[-177.31,68.24],[-177.66,68.23],[-177.62,68.29],[-177.46,68.27],[-178.88,68.77],[-180.0,68.98],[-180.0,65.36],[-179.85,65.32],[-180.0,65.33],[-180.0,65.04]]],[[[-174.72,67.15],[-174.66,67.16],[-174.7,67.23],[-174.71,67.16],[-174.72,67.15]]],[[[-174.64,67.47],[-174.61,67.45],[-174.59,67.46],[-174.65,67.48],[-174.64,67.47]]],[[[180.0,71.53],[178.91,71.22],[178.63,71.07],[178.64,71.01],[178.79,70.8],[180.0,70.98],[180.0,71.53]]],[[[-179.56,71.59],[-180.0,71.53],[-180.0,70.98],[-179.24,70.88],[-177.9,71.02],[-177.58,71.1],[-177.43,71.22],[-178.25,71.53],[-179.56,71.59]]],[[[162.47,69.65],[162.32,69.59],[162.43,69.45],[162.35,69.41],[162.54,69.37],[162.56,69.29],[162.83,69.18],[162.53,69.11],[162.54,68.98],[162.86,68.83],[162.59,68.78],[162.75,68.58],[162.57,68.48],[162.62,68.44],[162.45,68.28],[161.45,68.38],[160.73,68.25],[159.94,68.26],[159.74,68.18],[158.65,68.13],[158.32,68.06],[158.08,67.88],[158.36,67.72],[157.81,67.67],[157.73,67.52],[157.91,67.42],[157.81,67.35],[157.84,67.29],[158.71,67.04],[158.96,66.76],[158.77,66.73],[158.5,66.46],[158.37,66.43],[158.54,66.34],[159.23,66.24],[159.26,66.16],[158.93,65.89],[158.91,65.74],[160.09,65.5],[160.5,65.18],[161.28,65.15],[161.72,65.0],[161.8,64.84],[162.65,64.74],[162.75,64.66],[163.26,64.69],[163.13,64.79],[163.36,64.8],[163.54,64.93],[163.91,64.85],[164.22,64.94],[164.8,64.77],[164.87,64.68],[165.01,64.68],[165.02,64.84],[165.14,64.85],[165.45,64.73],[165.69,64.75],[165.73,64.66],[165.9,64.61],[165.84,64.55],[166.19,64.62],[166.79,64.52],[167.23,64.62],[167.69,64.32],[168.04,64.27],[168.48,64.32],[168.8,64.18],[168.88,63.99],[169.39,63.94],[169.39,63.86],[169.57,63.81],[169.64,63.65],[169.15,63.47],[168.71,63.23],[168.75,63.18],[168.47,63.08],[168.92,62.94],[169.16,62.97],[169.85,62.66],[170.05,62.67],[170.09,62.64],[169.99,62.52],[170.12,62.49],[170.07,62.46],[170.19,62.3],[170.84,62.25],[171.26,62.38],[171.32,62.37],[171.25,62.32],[171.49,62.3],[171.9,62.36],[171.85,62.41],[172.08,62.46],[172.21,62.46],[172.29,62.37],[172.56,62.45],[172.85,62.35],[173.67,62.55],[173.89,62.44],[174.16,62.42],[174.15,62.34],[174.0,62.28],[174.14,62.2],[174.16,62.08],[174.45,62.02],[174.47,61.81],[176.95,62.52],[178.06,62.53],[179.1,62.27],[179.18,62.32],[179.15,62.46],[179.36,62.48],[179.6,62.63],[179.58,62.82],[179.28,62.96],[179.32,63.05],[179.47,63.06],[179.45,63.12],[178.87,63.46],[178.66,64.03],[178.23,64.43],[178.33,64.32],[178.13,64.23],[178.15,64.18],[177.85,64.23],[177.49,64.41],[177.41,64.51],[177.54,64.73],[177.36,64.75],[176.79,64.54],[176.52,64.67],[176.1,64.53],[176.22,64.62],[176.44,64.69],[176.22,64.88],[176.45,64.8],[176.91,64.84],[177.08,64.75],[177.34,64.81],[177.26,64.85],[177.29,64.92],[177.48,64.92],[177.53,64.84],[177.4,64.81],[177.54,64.8],[177.63,64.7],[178.82,64.65],[178.56,64.56],[178.79,64.63],[179.15,64.76],[179.51,64.8],[180.0,65.04],[180.0,65.31],[179.91,65.35],[180.0,65.36],[180.0,68.98],[178.76,69.41],[176.9,69.64],[176.09,69.88],[174.12,69.88],[173.74,69.81],[173.47,69.93],[173.25,69.9],[173.19,69.85],[173.29,69.9],[173.51,69.8],[173.22,69.76],[173.22,69.83],[172.75,69.96],[170.56,70.12],[170.43,70.1],[170.58,70.08],[170.52,69.91],[170.6,69.76],[170.25,69.7],[170.15,69.59],[170.64,69.57],[170.76,69.37],[170.93,69.27],[170.89,69.17],[171.03,69.09],[170.68,68.87],[170.43,68.85],[170.53,68.8],[170.43,68.78],[169.58,68.77],[169.41,68.87],[169.42,69.01],[169.33,69.08],[168.31,69.22],[168.22,69.38],[168.29,69.54],[167.97,69.64],[168.1,69.67],[168.06,69.74],[167.73,69.77],[167.8,69.8],[168.04,69.76],[168.61,69.59],[169.18,69.55],[169.3,69.65],[169.28,69.76],[169.45,69.79],[169.43,69.86],[168.52,70.02],[168.11,69.98],[167.61,69.71],[166.93,69.48],[164.69,69.57],[164.02,69.75],[163.79,69.68],[162.47,69.65]]],[[[168.22,69.64],[168.26,69.64],[168.23,69.66],[168.22,69.64]]],[[[170.05,69.69],[170.08,69.68],[170.09,69.7],[170.04,69.7],[170.05,69.69]]],[[[170.14,69.71],[170.25,69.77],[169.97,69.73],[170.12,69.7],[170.14,69.71]]],[[[169.39,69.89],[169.22,69.94],[169.09,69.95],[169.1,69.94],[169.39,69.89]]]]}},{"id":"feature_18","type":"Feature","properties":{"name":"Тюменская область"},"geometry":{"type":"Polygon","coordinates":[[[65.95,58.61],[66.0,58.25],[66.18,58.01],[65.8,57.87],[65.67,57.9],[65.68,57.84],[65.52,57.74],[65.42,57.84],[64.83,57.65],[64.99,57.56],[64.85,57.45],[64.9,57.33],[64.83,57.29],[65.0,57.23],[65.01,56.97],[65.11,56.89],[65.25,56.92],[65.17,56.76],[64.93,56.77],[65.04,56.61],[65.0,56.5],[65.21,56.36],[65.12,56.31],[65.68,56.27],[65.84,56.07],[66.02,55.99],[66.16,56.07],[66.47,55.96],[66.72,56.04],[66.76,55.98],[67.3,55.96],[67.41,55.73],[67.82,55.73],[67.92,55.66],[68.18,55.72],[68.19,55.59],[68.72,55.35],[69.01,55.29],[68.92,55.36],[68.99,55.44],[69.21,55.33],[69.36,55.39],[69.66,55.35],[69.58,55.43],[69.68,55.48],[69.68,55.35],[69.95,55.21],[70.23,55.15],[70.46,55.28],[70.44,55.41],[70.76,55.58],[70.56,55.65],[70.55,55.79],[70.83,55.83],[70.58,55.82],[70.48,55.91],[70.81,55.9],[70.92,56.09],[70.73,56.25],[70.95,56.31],[70.93,56.38],[70.74,56.42],[71.08,56.52],[71.11,56.62],[71.02,56.68],[71.37,56.63],[71.68,56.77],[71.61,56.93],[71.12,57.2],[70.98,57.39],[70.79,57.37],[70.7,57.2],[70.37,57.33],[70.69,57.55],[70.6,57.58],[70.56,57.72],[70.39,57.78],[70.43,57.89],[70.36,57.9],[70.85,58.53],[71.31,58.38],[71.24,58.33],[71.21,58.05],[71.99,58.12],[72.17,58.01],[72.81,58.0],[73.13,58.16],[74.22,58.14],[75.11,58.58],[75.2,58.62],[75.13,58.66],[74.14,58.73],[73.72,58.86],[73.02,58.88],[73.1,58.95],[72.93,59.05],[72.97,59.13],[72.53,59.15],[72.42,59.21],[72.44,59.3],[72.09,59.53],[71.26,59.79],[71.18,59.91],[71.0,59.83],[70.74,59.88],[70.4,59.84],[70.13,59.95],[69.65,59.91],[69.62,59.97],[69.27,59.99],[69.07,59.9],[69.31,59.77],[68.73,59.57],[68.57,59.59],[68.4,59.31],[68.27,59.25],[67.73,59.2],[67.05,58.93],[66.77,58.92],[66.79,58.66],[66.36,58.58],[65.95,58.61]]]}},{"id":"feature_19","type":"Feature","properties":{"name":"Владимирская область"},"geometry":{"type":"Polygon","coordinates":[[[38.32,56.66],[38.36,56.57],[38.27,56.53],[38.45,56.39],[38.4,56.28],[38.53,56.21],[38.58,56.0],[38.84,55.91],[39.06,55.94],[39.06,55.86],[39.33,55.86],[39.32,55.77],[39.47,55.75],[39.89,55.83],[39.89,55.76],[40.09,55.61],[40.05,55.53],[40.2,55.5],[40.14,55.45],[40.19,55.37],[40.37,55.35],[40.36,55.29],[40.59,55.35],[40.53,55.3],[40.6,55.2],[41.0,55.27],[40.99,55.26],[41.09,55.18],[41.29,55.23],[41.79,55.1],[41.97,55.29],[41.95,55.35],[42.17,55.44],[42.06,55.59],[42.14,55.68],[42.39,55.79],[42.53,55.96],[42.72,55.97],[42.72,56.1],[42.96,56.14],[42.9,56.21],[42.76,56.19],[42.77,56.33],[42.62,56.41],[42.21,56.45],[42.05,56.35],[41.88,56.53],[41.15,56.48],[40.56,56.6],[40.19,56.44],[39.92,56.5],[39.96,56.53],[39.83,56.61],[39.9,56.77],[39.4,56.77],[39.27,56.54],[38.77,56.61],[38.55,56.54],[38.56,56.61],[38.42,56.7],[38.32,56.66]]]}},{"id":"feature_20","type":"Feature","properties":{"name":"Московская область"},"geometry":{"type":"Polygon","coordinates":[[[35.15,55.96],[35.33,55.79],[35.39,55.61],[35.29,55.55],[35.33,55.43],[35.26,55.33],[35.33,55.27],[35.74,55.3],[36.26,55.17],[36.38,55.29],[36.6,55.35],[36.62,55.27],[36.76,55.27],[36.81,55.19],[36.94,55.24],[37.02,55.28],[36.86,55.38],[36.82,55.51],[37.14,55.44],[37.09,55.59],[37.42,55.66],[37.33,55.77],[37.41,55.87],[37.33,55.95],[37.41,55.95],[37.41,55.88],[37.56,55.95],[37.97,55.72],[37.6,55.58],[37.54,55.44],[37.4,55.47],[37.47,55.39],[37.41,55.25],[37.22,55.25],[37.05,55.14],[37.16,54.87],[37.27,54.84],[37.45,54.84],[37.68,54.72],[37.78,54.77],[37.75,54.83],[37.94,54.85],[38.03,54.72],[38.46,54.65],[38.51,54.59],[38.39,54.47],[38.53,54.4],[38.51,54.3],[38.67,54.26],[38.71,54.35],[38.94,54.41],[38.78,54.48],[38.85,54.63],[39.23,54.64],[39.52,54.98],[39.8,55.01],[39.86,55.11],[39.71,55.13],[40.15,55.26],[40.19,55.37],[40.14,55.45],[40.2,55.5],[40.05,55.53],[40.09,55.61],[39.89,55.76],[39.89,55.83],[39.47,55.75],[39.32,55.77],[39.33,55.86],[39.06,55.86],[39.06,55.94],[38.84,55.91],[38.58,56.0],[38.53,56.21],[38.4,56.28],[38.45,56.39],[38.27,56.53],[38.36,56.57],[38.32,56.66],[38.24,56.79],[37.99,56.77],[37.99,56.87],[37.7,56.96],[37.53,56.91],[37.58,56.87],[37.46,56.78],[37.07,56.76],[37.18,56.7],[37.06,56.53],[36.8,56.6],[36.68,56.5],[36.13,56.4],[36.09,56.34],[35.74,56.39],[35.62,56.48],[35.43,56.46],[35.42,56.38],[35.52,56.4],[35.5,56.26],[35.31,56.23],[35.36,56.18],[35.29,56.1],[35.34,56.09],[35.15,55.96]],[[37.13,56.02],[37.19,56.02],[37.26,55.97],[37.15,55.96],[37.13,56.02]],[[37.85,55.81],[37.87,55.82],[37.88,55.82],[37.87,55.8],[37.85,55.81]]]}},{"id":"feature_21","type":"Feature","properties":{"name":"Волгоградская область"},"geometry":{"type":"Polygon","coordinates":[[[42.88,51.23],[42.71,51.25],[42.55,51.14],[41.93,51.19],[41.78,51.02],[41.17,50.78],[41.54,50.57],[41.42,50.5],[41.52,50.36],[41.4,50.2],[41.62,49.96],[41.88,49.91],[42.17,49.7],[42.03,49.36],[42.1,49.32],[42.05,49.21],[42.1,49.2],[42.02,49.13],[42.34,49.14],[42.39,49.01],[42.68,48.94],[42.75,48.82],[42.66,48.7],[42.71,48.59],[42.09,48.42],[42.18,48.28],[42.06,48.27],[42.13,48.14],[42.02,48.02],[42.53,48.02],[42.72,47.88],[42.93,47.51],[43.16,47.55],[43.16,47.47],[43.25,47.45],[43.71,47.47],[43.71,47.72],[43.95,47.75],[44.08,47.9],[44.39,47.89],[44.42,48.04],[44.33,48.04],[44.33,48.24],[44.55,48.19],[44.54,48.05],[44.81,48.05],[44.93,48.12],[44.96,48.27],[45.06,48.46],[45.21,48.51],[45.33,48.43],[45.42,48.5],[45.33,48.47],[45.23,48.56],[45.72,48.65],[46.02,48.9],[46.33,48.86],[46.63,48.68],[46.78,48.95],[46.97,49.03],[47.05,49.16],[46.78,49.34],[46.9,49.86],[47.18,49.94],[47.35,50.09],[47.26,50.19],[47.43,50.38],[47.23,50.37],[47.21,50.51],[46.91,50.49],[46.8,50.58],[46.86,50.64],[46.73,50.7],[46.58,50.71],[46.57,50.61],[46.46,50.62],[46.5,50.55],[46.28,50.53],[46.06,50.53],[46.09,50.67],[45.84,50.76],[45.72,50.74],[45.68,50.58],[45.19,50.59],[45.19,50.71],[45.28,50.72],[45.32,50.88],[45.2,50.97],[45.22,51.04],[45.0,51.15],[44.64,51.18],[44.59,51.12],[44.5,51.21],[44.23,51.2],[44.19,51.09],[44.02,51.07],[44.02,51.16],[43.92,51.16],[43.36,51.0],[42.88,51.23]]]}},{"id":"feature_22","type":"Feature","properties":{"name":"Оренбургская область"},"geometry":{"type":"Polygon","coordinates":[[[50.77,51.77],[50.89,51.69],[51.26,51.69],[51.38,51.64],[51.39,51.57],[51.24,51.57],[51.29,51.49],[51.6,51.55],[51.66,51.45],[51.81,51.5],[51.77,51.58],[51.86,51.67],[52.09,51.66],[52.36,51.77],[52.57,51.46],[53.35,51.51],[53.63,51.39],[53.66,51.24],[54.02,51.16],[54.29,50.9],[54.53,50.85],[54.41,50.62],[54.51,50.54],[54.73,50.62],[54.7,50.89],[54.54,50.93],[54.56,51.01],[54.7,51.04],[54.9,50.92],[55.09,50.92],[55.14,50.88],[55.06,50.82],[55.71,50.55],[56.14,50.76],[56.18,50.94],[56.37,50.9],[56.52,51.09],[56.71,50.97],[56.7,51.08],[57.18,51.11],[57.51,50.88],[57.75,50.93],[57.77,51.14],[58.17,51.06],[58.33,51.17],[58.39,51.07],[58.62,51.02],[58.57,50.94],[58.6,50.87],[58.68,50.89],[58.66,50.81],[58.78,50.82],[58.87,50.7],[59.47,50.64],[59.57,50.58],[59.47,50.59],[59.5,50.5],[59.81,50.54],[59.99,50.68],[60.04,50.85],[60.44,50.66],[60.81,50.66],[61.45,50.81],[61.57,51.23],[61.69,51.26],[61.5,51.41],[60.96,51.49],[60.93,51.61],[60.44,51.63],[60.35,51.68],[60.51,51.8],[60.06,51.87],[60.01,51.99],[59.91,52.08],[60.17,52.26],[60.16,52.4],[59.82,52.48],[59.5,52.4],[59.41,52.48],[59.25,52.48],[59.16,52.28],[59.0,52.42],[58.86,52.43],[58.84,52.36],[58.95,52.28],[58.67,52.3],[58.62,52.14],[58.71,52.04],[58.57,51.77],[58.16,51.72],[58.11,51.79],[57.66,51.87],[57.63,51.75],[57.4,51.73],[57.22,51.58],[56.81,51.77],[56.89,51.61],[56.72,51.59],[56.77,51.76],[56.61,51.83],[56.73,51.92],[56.66,51.96],[56.71,52.06],[56.4,52.16],[56.46,52.21],[56.2,52.14],[56.45,52.3],[56.49,52.45],[56.38,52.42],[56.35,52.5],[56.43,52.6],[56.26,52.55],[56.04,52.65],[56.01,52.55],[55.87,52.55],[55.89,52.41],[55.82,52.36],[55.53,52.39],[55.47,52.52],[55.55,52.54],[55.53,52.6],[55.44,52.59],[55.37,52.68],[55.28,52.63],[55.22,52.72],[55.37,52.68],[55.4,52.83],[55.14,52.81],[54.83,53.28],[54.61,53.22],[54.55,53.36],[54.15,53.39],[53.85,53.68],[53.65,53.75],[53.5,54.06],[53.37,53.97],[53.24,54.11],[53.06,54.07],[53.1,54.13],[52.95,54.21],[53.14,54.25],[53.06,54.35],[52.98,54.27],[52.57,54.34],[52.33,54.28],[52.31,54.13],[52.49,54.05],[52.37,53.97],[52.41,53.89],[52.19,53.56],[52.1,53.56],[52.09,53.47],[52.21,53.38],[52.07,53.13],[52.16,53.09],[52.05,53.09],[52.05,52.96],[51.72,52.88],[51.72,52.65],[51.47,52.63],[51.46,52.51],[51.55,52.43],[51.37,52.37],[51.46,52.23],[51.39,52.07],[50.77,51.77]]]}},{"id":"feature_23","type":"Feature","properties":{"name":"Самарская область"},"geometry":{"type":"Polygon","coordinates":[[[50.09,54.51],[50.24,54.22],[50.18,54.02],[49.93,53.91],[50.04,53.82],[49.82,53.89],[49.6,53.8],[48.99,53.87],[48.99,53.71],[48.48,53.77],[48.53,53.67],[48.35,53.65],[48.47,53.56],[48.37,53.47],[48.02,53.46],[47.94,53.33],[48.21,53.14],[48.12,53.05],[48.22,53.0],[48.33,53.07],[48.36,52.96],[48.59,52.9],[48.43,52.81],[48.31,52.68],[48.69,52.64],[48.88,52.41],[48.96,52.49],[49.17,52.5],[49.35,52.46],[49.29,52.39],[49.43,52.4],[49.45,52.32],[49.57,52.4],[49.62,52.25],[49.73,52.27],[49.8,52.17],[50.22,52.13],[50.16,52.01],[50.35,52.04],[50.35,51.98],[50.7,51.93],[50.77,51.77],[51.39,52.07],[51.46,52.23],[51.37,52.37],[51.55,52.43],[51.46,52.51],[51.47,52.63],[51.72,52.65],[51.72,52.88],[52.05,52.96],[52.05,53.09],[52.16,53.09],[52.07,53.13],[52.21,53.38],[52.09,53.47],[52.1,53.56],[52.19,53.56],[52.41,53.89],[52.37,53.97],[52.49,54.05],[52.31,54.13],[52.33,54.28],[52.57,54.34],[52.43,54.47],[52.37,54.4],[52.3,54.45],[52.09,54.39],[52.09,54.33],[52.07,54.42],[51.9,54.41],[51.93,54.53],[51.63,54.56],[51.54,54.65],[51.38,54.59],[51.39,54.68],[51.01,54.55],[50.95,54.34],[50.74,54.4],[50.52,54.33],[50.37,54.49],[50.27,54.44],[50.09,54.51]]]}},{"id":"feature_24","type":"Feature","properties":{"name":"Астраханская область"},"geometry":{"type":"MultiPolygon","coordinates":[[[[47.53,45.52],[47.53,45.52],[47.54,45.62],[47.53,45.52]]],[[[46.44,45.45],[46.86,45.45],[46.89,45.53],[46.66,45.55],[46.44,45.45]]],[[[44.96,48.27],[45.54,48.0],[45.76,48.0],[45.74,47.83],[46.27,47.42],[46.4,47.41],[46.7,47.61],[46.85,47.56],[46.54,47.4],[46.81,47.0],[46.96,46.97],[46.96,46.72],[46.87,46.62],[46.97,46.45],[46.66,46.44],[46.41,46.32],[46.5,46.28],[46.46,45.97],[46.29,45.92],[46.55,45.8],[46.5,45.68],[46.81,45.57],[47.52,45.66],[47.6,45.58],[47.67,45.65],[47.77,45.46],[47.81,45.58],[47.91,45.48],[47.91,45.62],[47.84,45.65],[47.89,45.7],[48.09,45.63],[48.56,45.69],[48.59,45.61],[48.73,45.62],[48.74,45.91],[48.81,45.91],[48.84,45.82],[48.93,45.98],[49.03,45.93],[49.03,46.12],[49.23,46.0],[49.25,46.1],[49.32,46.06],[49.25,46.15],[49.33,46.14],[49.32,46.28],[48.79,46.54],[48.55,46.58],[48.62,46.61],[48.48,46.67],[48.57,46.76],[48.75,46.69],[49.02,46.76],[48.21,47.69],[47.41,47.83],[47.39,47.68],[47.19,47.76],[47.05,47.99],[47.21,48.08],[47.1,48.1],[47.13,48.27],[46.49,48.43],[46.63,48.68],[46.33,48.86],[46.02,48.9],[45.72,48.65],[45.23,48.56],[45.33,48.47],[45.42,48.5],[45.33,48.43],[45.21,48.51],[45.06,48.46],[44.96,48.27]]]]}},{"id":"feature_25","type":"Feature","properties":{"name":"Адыгея"},"geometry":{"type":"Polygon","coordinates":[[[38.68,44.95],[39.09,44.82],[39.56,44.81],[39.64,44.9],[39.47,45.04],[39.62,45.05],[39.6,44.98],[39.69,44.95],[39.89,45.02],[40.03,44.75],[39.91,44.71],[39.85,44.35],[40.09,44.25],[40.09,44.13],[39.99,44.08],[39.77,44.18],[39.83,44.08],[39.78,43.96],[40.19,43.87],[40.25,43.76],[40.37,43.77],[40.48,43.96],[40.36,44.25],[40.48,44.32],[40.34,44.58],[40.37,44.72],[40.57,44.74],[40.67,44.55],[40.62,44.47],[40.78,44.46],[40.59,44.86],[40.23,45.12],[39.97,45.08],[39.63,45.22],[39.22,44.99],[39.02,44.97],[38.9,45.05],[38.81,45.0],[38.71,45.07],[38.68,44.95]]]}},{"id":"feature_26","type":"Feature","properties":{"name":"Республика Калмыкия"},"geometry":{"type":"Polygon","coordinates":[[[43.71,47.47],[43.79,47.27],[43.94,47.26],[43.97,47.4],[44.13,47.41],[44.13,47.54],[44.31,47.48],[44.26,46.9],[43.92,46.72],[43.81,46.57],[43.93,46.53],[43.96,46.32],[43.86,46.27],[43.74,46.41],[43.62,46.18],[43.34,46.17],[42.93,46.45],[42.69,46.37],[42.4,46.51],[42.05,46.55],[42.17,46.3],[41.96,46.3],[41.91,46.2],[41.96,46.18],[41.86,46.14],[41.64,46.19],[41.72,45.98],[42.15,45.94],[42.17,46.11],[42.31,46.14],[42.32,45.97],[42.55,46.01],[42.93,46.24],[43.47,45.99],[43.92,45.95],[44.32,45.55],[44.83,45.44],[45.59,45.13],[45.7,44.98],[46.5,44.93],[46.81,44.76],[46.9,44.81],[46.98,44.95],[47.06,44.84],[47.1,44.87],[47.04,44.99],[47.15,44.95],[47.26,45.25],[47.41,45.37],[47.37,45.43],[47.53,45.52],[47.54,45.62],[47.52,45.66],[46.81,45.57],[46.5,45.68],[46.55,45.8],[46.29,45.92],[46.46,45.97],[46.5,46.28],[46.41,46.32],[46.66,46.44],[46.97,46.45],[46.87,46.62],[46.96,46.72],[46.96,46.97],[46.81,47.0],[46.54,47.4],[46.85,47.56],[46.7,47.61],[46.4,47.41],[46.27,47.42],[45.74,47.83],[45.76,48.0],[45.54,48.0],[44.96,48.27],[44.93,48.12],[44.81,48.05],[44.54,48.05],[44.55,48.19],[44.33,48.24],[44.33,48.04],[44.42,48.04],[44.39,47.89],[44.08,47.9],[43.95,47.75],[43.71,47.72],[43.71,47.47]],[[46.44,45.45],[46.66,45.55],[46.89,45.53],[46.86,45.45],[46.44,45.45]]]}},{"id":"feature_27","type":"Feature","properties":{"name":"Краснодарский край"},"geometry":{"type":"MultiPolygon","coordinates":[[[[38.68,46.87],[38.44,46.85],[38.4,46.75],[38.6,46.68],[38.51,46.64],[38.33,46.66],[38.29,46.74],[38.01,46.64],[37.73,46.69],[37.92,46.4],[38.1,46.4],[38.28,46.27],[38.15,46.0],[38.1,45.95],[38.12,46.05],[37.97,46.03],[37.84,45.76],[37.61,45.66],[37.52,45.38],[37.22,45.33],[36.78,45.44],[36.62,45.3],[36.66,45.32],[36.74,45.38],[36.76,45.41],[36.77,45.41],[36.84,45.38],[36.77,45.38],[36.8,45.3],[36.99,45.29],[36.6,45.2],[37.22,45.0],[37.46,44.71],[37.73,44.65],[37.8,44.73],[38.2,44.42],[38.79,44.28],[39.95,43.4],[40.01,43.39],[40.11,43.57],[40.71,43.53],[40.69,43.72],[40.93,44.02],[40.89,44.14],[41.27,44.1],[41.25,44.01],[41.32,43.98],[41.48,44.0],[41.7,44.17],[41.74,44.27],[41.59,44.36],[41.74,44.47],[41.59,44.52],[41.43,44.71],[41.59,44.77],[41.65,44.99],[41.46,44.99],[41.28,45.26],[41.04,45.23],[40.92,45.52],[40.85,45.52],[40.85,45.69],[41.17,45.67],[41.17,45.76],[41.27,45.76],[41.16,45.95],[41.07,46.11],[40.98,46.11],[40.99,46.3],[40.74,46.23],[40.74,46.29],[40.27,46.31],[40.22,46.54],[40.06,46.53],[40.14,46.74],[40.06,46.77],[39.26,46.79],[39.2,46.61],[38.9,46.63],[38.9,46.56],[38.87,46.73],[38.93,46.84],[38.68,46.87]],[[38.68,44.95],[38.71,45.07],[38.81,45.0],[38.9,45.05],[39.02,44.97],[39.22,44.99],[39.63,45.22],[39.97,45.08],[40.23,45.12],[40.59,44.86],[40.78,44.46],[40.62,44.47],[40.67,44.55],[40.57,44.74],[40.37,44.72],[40.34,44.58],[40.48,44.32],[40.36,44.25],[40.48,43.96],[40.37,43.77],[40.25,43.76],[40.19,43.87],[39.78,43.96],[39.83,44.08],[39.77,44.18],[39.99,44.08],[40.09,44.13],[40.09,44.25],[39.85,44.35],[39.91,44.71],[40.03,44.75],[39.89,45.02],[39.69,44.95],[39.6,44.98],[39.62,45.05],[39.47,45.04],[39.64,44.9],[39.56,44.81],[39.09,44.82],[38.68,44.95]]],[[[38.32,46.76],[38.34,46.76],[38.35,46.77],[38.34,46.77],[38.32,46.76]]]]}},{"id":"feature_28","type":"Feature","properties":{"name":"Ростовская область"},"geometry":{"type":"Polygon","coordinates":[[[40.14,49.62],[40.17,49.57],[40.03,49.45],[40.22,49.25],[39.94,49.06],[39.67,49.04],[39.83,48.89],[40.08,48.87],[39.98,48.79],[39.8,48.84],[39.66,48.61],[39.85,48.57],[39.94,48.35],[39.84,48.31],[39.99,48.32],[40.02,48.25],[39.83,48.07],[39.88,48.04],[39.77,48.04],[39.8,47.87],[38.88,47.88],[38.77,47.68],[38.35,47.62],[38.28,47.54],[38.3,47.39],[38.22,47.31],[38.33,47.27],[38.23,47.23],[38.23,47.12],[38.86,47.17],[39.1,47.29],[39.24,47.25],[39.3,47.02],[39.11,47.04],[38.68,46.87],[38.93,46.84],[38.87,46.73],[38.9,46.56],[38.9,46.63],[39.2,46.61],[39.26,46.79],[40.06,46.77],[40.14,46.74],[40.06,46.53],[40.22,46.54],[40.27,46.31],[40.74,46.29],[40.74,46.23],[40.99,46.3],[40.98,46.11],[41.07,46.11],[41.16,45.95],[41.72,45.98],[41.64,46.19],[41.86,46.14],[41.96,46.18],[41.91,46.2],[41.96,46.3],[42.17,46.3],[42.05,46.55],[42.4,46.51],[42.69,46.37],[42.93,46.45],[43.34,46.17],[43.62,46.18],[43.74,46.41],[43.86,46.27],[43.96,46.32],[43.93,46.53],[43.81,46.57],[43.92,46.72],[44.26,46.9],[44.31,47.48],[44.13,47.54],[44.13,47.41],[43.97,47.4],[43.94,47.26],[43.79,47.27],[43.71,47.47],[43.25,47.45],[43.16,47.47],[43.16,47.55],[42.93,47.51],[42.72,47.88],[42.53,48.02],[42.02,48.02],[42.13,48.14],[42.06,48.27],[42.18,48.28],[42.09,48.42],[42.71,48.59],[42.66,48.7],[42.75,48.82],[42.68,48.94],[42.39,49.01],[42.34,49.14],[42.02,49.13],[42.1,49.2],[42.05,49.21],[42.1,49.32],[42.03,49.36],[42.17,49.7],[41.88,49.91],[41.62,49.96],[41.4,50.2],[41.29,50.16],[41.38,50.08],[41.08,49.94],[40.92,49.7],[40.64,49.67],[40.53,49.58],[40.14,49.62]]]}},{"id":"feature_29","type":"Feature","properties":{"name":"Мурманская область"},"geometry":{"type":"MultiPolygon","coordinates":[[[[37.7,68.7],[37.72,68.69],[37.77,68.69],[37.73,68.7],[37.7,68.7]]],[[[37.31,68.81],[37.38,68.8],[37.31,68.82],[37.31,68.81]]],[[[37.45,68.78],[37.5,68.76],[37.53,68.76],[37.45,68.78]]],[[[31.59,69.83],[31.59,69.85],[31.55,69.83],[31.59,69.83]]],[[[32.9,66.78],[32.92,66.77],[32.93,66.78],[32.9,66.78]]],[[[32.65,67.0],[32.66,66.99],[32.69,66.99],[32.67,67.01],[32.65,67.0]]],[[[32.69,66.96],[32.68,66.98],[32.68,66.96],[32.69,66.96]]],[[[33.15,66.55],[33.55,66.51],[32.48,66.89],[32.64,66.96],[32.56,67.03],[32.61,67.06],[32.37,67.04],[32.31,67.09],[32.5,67.1],[32.32,67.14],[32.89,67.08],[32.79,67.02],[33.17,66.82],[33.65,66.69],[33.7,66.72],[33.59,66.79],[34.45,66.64],[34.32,66.62],[34.46,66.54],[34.9,66.59],[35.55,66.38],[38.33,66.06],[39.11,66.1],[40.38,66.38],[41.22,66.83],[41.41,67.1],[41.31,67.14],[41.31,67.22],[41.08,67.26],[41.12,67.41],[40.98,67.47],[41.04,67.63],[40.98,67.7],[40.54,67.84],[40.46,67.83],[40.56,67.76],[40.42,67.76],[40.29,67.83],[40.41,67.84],[40.38,67.89],[40.01,67.99],[39.74,68.16],[39.86,68.03],[39.6,68.03],[38.65,68.37],[38.41,68.37],[37.57,68.72],[35.8,69.2],[35.16,69.25],[35.28,69.2],[35.15,69.17],[34.22,69.3],[34.4,69.34],[34.13,69.39],[33.96,69.34],[34.16,69.31],[33.59,69.3],[33.42,69.36],[33.5,69.4],[33.44,69.42],[33.15,69.44],[32.89,69.31],[32.93,69.38],[33.08,69.45],[32.51,69.47],[32.39,69.52],[32.44,69.55],[31.98,69.63],[32.16,69.71],[32.19,69.63],[32.9,69.57],[33.09,69.64],[33.1,69.73],[31.94,69.95],[31.89,69.9],[32.08,69.77],[31.73,69.82],[31.69,69.71],[31.81,69.66],[31.4,69.64],[31.42,69.71],[30.83,69.79],[30.95,69.67],[30.86,69.54],[30.08,69.66],[30.19,69.57],[30.04,69.43],[29.28,69.29],[29.24,69.11],[29.04,69.01],[28.93,69.05],[28.42,68.92],[28.8,68.87],[28.43,68.54],[28.65,68.2],[29.33,68.07],[29.66,67.8],[30.02,67.67],[29.93,67.52],[29.04,66.96],[29.1,66.79],[29.32,66.66],[31.57,66.65],[31.62,66.5],[31.79,66.5],[31.83,66.37],[31.94,66.35],[32.34,66.35],[32.36,66.48],[32.55,66.48],[32.59,66.58],[33.15,66.55]]]]}},{"id":"feature_30","type":"Feature","properties":{"name":"Псковская область"},"geometry":{"type":"Polygon","coordinates":[[[27.74,58.98],[27.36,58.79],[27.55,58.37],[27.49,58.22],[27.64,58.1],[27.69,57.91],[27.81,57.86],[27.55,57.83],[27.52,57.71],[27.32,57.58],[27.35,57.52],[27.56,57.54],[27.52,57.43],[27.87,57.29],[27.72,57.09],[27.77,57.0],[27.66,56.83],[27.97,56.84],[27.9,56.76],[28.14,56.57],[28.1,56.51],[28.24,56.28],[28.15,56.14],[28.32,56.06],[28.67,56.1],[28.74,55.97],[29.09,56.03],[29.45,55.96],[29.36,55.76],[29.48,55.71],[30.17,55.88],[30.52,55.79],[30.75,55.6],[30.93,55.62],[31.07,55.69],[31.04,55.76],[31.48,55.72],[31.35,55.94],[31.5,56.04],[31.45,56.14],[31.51,56.31],[31.23,56.34],[31.21,56.43],[30.99,56.49],[31.08,56.64],[30.88,56.64],[30.77,56.73],[30.98,56.97],[30.68,56.98],[30.69,57.15],[30.63,57.18],[30.75,57.26],[30.47,57.35],[30.52,57.4],[30.43,57.37],[30.52,57.5],[30.46,57.52],[30.68,57.64],[30.45,57.69],[30.5,57.77],[30.42,57.78],[30.54,57.86],[29.9,57.94],[29.88,58.0],[29.99,58.04],[29.63,58.1],[29.69,58.19],[29.62,58.25],[29.82,58.26],[29.93,58.36],[29.89,58.45],[29.75,58.42],[29.42,58.59],[29.39,58.55],[29.33,58.56],[29.4,58.59],[29.26,58.59],[29.28,58.7],[29.04,58.73],[29.03,58.83],[28.43,58.88],[28.29,58.83],[28.1,59.0],[27.74,58.98]]]}},{"id":"feature_31","type":"Feature","properties":{"name":"Санкт-Петербург"},"geometry":{"type":"Polygon","coordinates":[[[29.65,59.93],[30.13,59.81],[30.04,59.72],[30.1,59.7],[30.16,59.8],[30.29,59.79],[30.25,59.63],[30.76,59.74],[30.49,59.85],[30.53,59.99],[30.26,60.13],[29.76,60.24],[29.46,60.17],[29.92,60.15],[29.96,60.04],[29.87,60.03],[30.22,59.93],[30.03,59.86],[29.67,59.94],[29.81,59.99],[29.63,60.03],[29.7,60.0],[29.65,59.93]]]}},{"id":"feature_32","type":"Feature","properties":{"name":"Ленинградская область"},"geometry":{"type":"MultiPolygon","coordinates":[[[[26.9,59.82],[26.9,59.81],[26.93,59.81],[26.92,59.82],[26.9,59.82]]],[[[27.21,59.84],[27.2,59.87],[27.17,59.85],[27.19,59.84],[27.21,59.84]]],[[[27.86,59.99],[27.9,60.0],[27.8,60.02],[27.79,59.99],[27.86,59.99]]],[[[28.39,60.02],[28.36,60.04],[28.31,60.02],[28.39,60.0],[28.39,60.02]]],[[[26.98,60.01],[27.01,60.01],[27.03,60.04],[26.98,60.01]]],[[[28.0,60.03],[28.0,60.02],[28.06,60.02],[28.0,60.03]]],[[[29.31,61.33],[28.82,61.12],[28.65,60.95],[28.52,60.96],[28.17,60.78],[27.78,60.49],[28.23,60.51],[28.34,60.62],[28.47,60.59],[28.39,60.64],[28.45,60.65],[28.7,60.49],[28.68,60.43],[28.42,60.57],[28.62,60.35],[28.81,60.34],[29.04,60.18],[29.46,60.17],[29.76,60.24],[30.26,60.13],[30.53,59.99],[30.49,59.85],[30.76,59.74],[30.25,59.63],[30.29,59.79],[30.16,59.8],[30.1,59.7],[30.04,59.72],[30.13,59.81],[29.65,59.93],[29.13,59.99],[28.99,59.91],[29.06,59.87],[28.96,59.81],[28.47,59.83],[28.4,59.67],[28.22,59.69],[28.07,59.81],[28.0,59.69],[28.09,59.59],[28.05,59.47],[28.21,59.37],[27.9,59.24],[27.74,58.98],[28.1,59.0],[28.29,58.83],[28.43,58.88],[29.03,58.83],[29.04,58.73],[29.28,58.7],[29.26,58.59],[29.4,58.59],[29.33,58.56],[29.39,58.55],[29.42,58.59],[29.75,58.42],[29.89,58.45],[30.17,58.53],[30.07,58.63],[30.12,58.75],[30.68,58.71],[30.68,58.86],[30.92,58.92],[30.97,59.04],[31.13,59.09],[31.3,59.01],[31.48,59.1],[31.58,59.23],[31.55,59.37],[31.8,59.31],[31.96,59.43],[32.26,59.33],[32.2,59.29],[32.47,59.15],[32.39,59.14],[32.45,59.11],[32.73,59.15],[32.73,59.27],[33.02,59.43],[33.26,59.32],[33.63,59.38],[33.8,59.2],[33.93,59.23],[34.08,59.14],[34.34,59.2],[34.72,59.09],[34.86,59.22],[35.4,59.32],[35.3,59.34],[35.44,59.4],[35.31,59.52],[35.51,59.5],[35.41,59.53],[35.49,59.54],[35.49,59.65],[35.61,59.61],[35.62,59.71],[35.41,59.72],[35.38,59.86],[35.45,59.98],[35.15,60.02],[35.21,60.07],[35.16,60.26],[35.27,60.34],[35.3,60.6],[35.17,60.77],[35.7,61.0],[35.7,61.21],[35.39,61.14],[35.39,61.28],[35.08,61.24],[34.77,61.31],[34.54,61.28],[34.44,61.15],[34.23,61.24],[33.55,61.21],[33.45,61.15],[33.54,61.08],[33.74,61.13],[33.92,61.07],[33.78,60.94],[33.45,61.0],[33.47,60.93],[33.18,60.82],[33.27,60.79],[32.92,60.68],[30.39,61.12],[29.58,61.18],[29.31,61.33]]],[[[27.75,60.47],[27.77,60.45],[27.79,60.44],[27.79,60.46],[27.75,60.47]]],[[[28.42,60.36],[28.72,60.29],[28.44,60.46],[28.5,60.36],[28.42,60.36]]]]}},{"id":"feature_33","type":"Feature","properties":{"name":"Республика Мордовия"},"geometry":{"type":"Polygon","coordinates":[[[42.44,54.83],[42.39,54.83],[42.41,54.71],[42.6,54.7],[42.69,54.58],[42.53,54.44],[42.63,54.38],[42.3,54.23],[42.16,54.26],[42.29,54.15],[42.43,54.26],[42.65,54.17],[42.69,54.13],[42.26,54.09],[42.45,54.0],[42.35,53.85],[42.31,53.8],[42.5,53.73],[42.56,53.73],[42.5,53.78],[42.55,53.83],[42.55,53.75],[42.74,53.82],[42.73,53.74],[42.76,53.83],[43.18,53.83],[43.13,53.98],[43.54,54.01],[43.85,53.92],[43.93,53.86],[43.86,53.81],[43.98,53.74],[44.51,53.65],[44.71,53.68],[44.61,53.88],[44.83,53.96],[45.18,53.97],[45.36,53.87],[45.7,53.9],[45.81,53.98],[45.97,54.15],[46.71,54.33],[46.73,54.4],[46.5,54.43],[46.57,54.5],[46.46,54.48],[46.52,54.59],[46.4,54.57],[46.54,54.63],[46.42,54.69],[46.44,54.76],[46.23,55.08],[46.15,54.97],[46.06,55.05],[45.72,54.99],[45.78,55.12],[45.7,55.19],[45.48,55.11],[45.43,54.89],[45.23,54.88],[45.19,54.75],[45.11,54.8],[45.03,54.74],[45.09,54.65],[45.01,54.57],[45.14,54.53],[45.1,54.47],[44.77,54.52],[44.58,54.47],[44.66,54.51],[44.6,54.57],[44.46,54.52],[44.2,54.6],[44.07,54.65],[44.1,54.73],[43.92,54.74],[43.96,54.81],[43.39,54.96],[43.17,54.9],[43.09,54.77],[42.44,54.8],[42.51,54.75],[42.43,54.79],[42.44,54.83]]]}},{"id":"feature_34","type":"Feature","properties":{"name":"Татарстан"},"geometry":{"type":"MultiPolygon","coordinates":[[[[47.3,54.85],[47.32,54.84],[47.32,54.85],[47.3,54.85]]],[[[48.41,55.83],[48.01,55.63],[48.15,55.57],[48.11,55.52],[47.97,55.52],[47.78,55.33],[47.64,55.34],[47.67,55.21],[47.8,55.3],[47.9,55.26],[47.87,55.32],[48.02,55.28],[48.09,55.09],[47.9,55.09],[48.01,54.99],[47.76,54.95],[47.82,54.8],[47.73,54.91],[47.75,54.81],[47.41,54.88],[47.39,54.75],[47.27,54.67],[47.29,54.67],[47.37,54.7],[47.36,54.63],[47.4,54.5],[47.43,54.5],[47.44,54.56],[47.62,54.56],[47.72,54.74],[47.93,54.64],[47.92,54.72],[48.1,54.77],[48.47,54.63],[48.88,54.63],[48.88,54.8],[49.09,54.79],[49.29,54.89],[49.53,54.72],[49.48,54.69],[49.55,54.67],[49.56,54.56],[50.09,54.51],[50.27,54.44],[50.37,54.49],[50.52,54.33],[50.74,54.4],[50.95,54.34],[51.01,54.55],[51.39,54.68],[51.38,54.59],[51.54,54.65],[51.63,54.56],[51.93,54.53],[51.9,54.41],[52.07,54.42],[52.09,54.33],[52.09,54.39],[52.3,54.45],[52.37,54.4],[52.43,54.47],[52.57,54.34],[52.98,54.27],[53.06,54.35],[53.14,54.25],[52.95,54.21],[53.1,54.13],[53.06,54.07],[53.24,54.11],[53.37,53.97],[53.5,54.06],[53.39,54.42],[53.42,54.56],[53.61,54.7],[53.65,54.91],[53.55,54.88],[53.16,55.17],[53.62,55.21],[54.27,55.7],[53.7,55.92],[53.24,55.87],[53.22,55.94],[53.57,56.13],[53.57,56.24],[53.23,56.24],[53.35,56.17],[53.33,56.06],[53.16,56.16],[53.06,56.13],[53.07,56.21],[53.0,56.18],[52.94,56.28],[53.15,56.52],[53.03,56.54],[52.89,56.5],[52.97,56.46],[52.92,56.4],[52.78,56.4],[52.56,56.24],[52.88,56.16],[52.85,56.08],[52.71,56.13],[52.76,55.99],[52.24,56.1],[52.25,55.97],[52.16,55.9],[51.95,55.99],[51.78,55.89],[51.74,55.98],[51.46,55.92],[51.4,56.03],[51.64,56.11],[51.44,56.13],[51.32,56.06],[50.87,56.2],[50.88,56.37],[50.58,56.35],[50.64,56.4],[50.55,56.41],[50.54,56.51],[50.44,56.55],[50.49,56.61],[50.41,56.58],[50.34,56.67],[50.08,56.61],[50.2,56.56],[49.97,56.43],[49.99,56.49],[49.75,56.45],[49.82,56.5],[49.76,56.54],[49.51,56.42],[49.46,56.43],[49.45,56.47],[49.42,56.47],[49.33,56.33],[49.21,56.39],[49.05,56.34],[48.92,56.26],[49.07,56.21],[48.83,56.05],[48.69,56.06],[48.67,55.94],[48.42,55.91],[48.46,55.83],[48.41,55.83]],[[48.05,54.99],[48.11,55.02],[48.12,55.01],[48.1,54.99],[48.05,54.99]],[[47.82,54.9],[47.82,54.91],[47.84,54.91],[47.82,54.9]],[[47.84,54.77],[47.85,54.77],[47.85,54.74],[47.84,54.77]]],[[[47.7,55.39],[47.71,55.38],[47.74,55.38],[47.7,55.4],[47.7,55.39]]],[[[52.2,56.06],[52.22,56.06],[52.22,56.07],[52.2,56.06]]],[[[49.52,56.49],[49.55,56.48],[49.55,56.5],[49.53,56.5],[49.52,56.49]]]]}},{"id":"feature_35","type":"Feature","properties":{"name":"Кировская область"},"geometry":{"type":"Polygon","coordinates":[[[47.07,60.84],[46.96,60.66],[47.04,60.54],[46.87,60.51],[46.87,60.41],[46.76,60.36],[46.84,60.36],[46.76,60.23],[46.27,60.23],[46.35,60.11],[46.77,60.04],[47.04,60.13],[46.92,59.77],[47.15,59.75],[47.12,59.6],[47.05,59.37],[47.25,59.35],[47.21,59.2],[47.48,59.16],[47.44,59.09],[47.64,58.92],[47.29,58.92],[47.31,58.79],[47.11,58.78],[47.01,58.72],[47.02,58.62],[46.66,58.59],[46.58,58.4],[46.4,58.37],[46.35,58.06],[46.44,58.0],[47.42,58.01],[47.77,57.89],[47.62,57.86],[47.48,57.52],[46.75,57.52],[46.82,57.45],[46.68,57.34],[46.86,57.22],[46.75,57.16],[46.81,57.08],[46.72,56.96],[47.09,56.93],[47.16,56.88],[47.13,56.81],[47.26,56.81],[47.51,56.85],[47.76,57.04],[47.95,56.96],[48.21,57.01],[48.14,57.07],[48.33,57.17],[48.42,57.11],[48.83,57.17],[48.84,57.09],[48.95,57.08],[49.05,57.19],[49.01,57.29],[49.17,57.34],[49.22,57.31],[49.14,57.18],[49.25,57.04],[49.7,57.06],[49.73,56.89],[50.02,56.87],[50.1,56.79],[50.02,56.66],[50.08,56.61],[50.34,56.67],[50.41,56.58],[50.49,56.61],[50.44,56.55],[50.54,56.51],[50.55,56.41],[50.64,56.4],[50.58,56.35],[50.88,56.37],[50.87,56.2],[51.32,56.06],[51.44,56.13],[51.5,56.21],[51.36,56.2],[51.4,56.29],[51.13,56.51],[51.18,56.68],[51.39,56.67],[51.39,56.77],[51.54,56.89],[51.22,57.04],[51.24,57.14],[51.13,57.24],[51.17,57.44],[51.59,57.46],[51.83,57.57],[51.86,57.73],[51.95,57.77],[51.82,57.84],[51.93,58.0],[51.82,58.02],[51.79,58.15],[51.68,58.15],[51.82,58.29],[51.79,58.36],[52.17,58.49],[52.84,58.39],[52.89,58.53],[53.1,58.55],[53.25,58.44],[53.21,58.4],[53.79,58.46],[53.7,58.6],[53.74,58.69],[53.93,58.77],[53.75,58.96],[53.9,59.09],[53.73,59.18],[53.72,59.12],[53.38,59.15],[53.22,59.36],[53.36,59.46],[53.45,59.7],[53.63,59.74],[53.69,60.0],[53.62,60.11],[53.44,60.22],[53.37,60.16],[53.08,60.15],[52.32,60.23],[51.98,60.28],[51.47,59.92],[51.18,60.05],[50.83,59.86],[50.4,59.84],[50.27,59.75],[49.99,59.78],[50.09,59.68],[49.86,59.66],[49.82,59.21],[49.52,59.22],[49.57,59.39],[49.04,59.48],[49.1,59.66],[48.52,59.71],[48.49,60.2],[48.79,60.35],[48.53,60.4],[48.63,60.42],[48.5,60.47],[48.56,60.55],[48.42,60.84],[47.97,60.88],[47.9,61.02],[47.19,61.07],[47.07,60.84]]]}},{"id":"feature_36","type":"Feature","properties":{"name":"Костромская область"},"geometry":{"type":"Polygon","coordinates":[[[40.93,58.58],[41.19,58.33],[40.91,58.2],[40.89,58.11],[40.78,58.07],[40.81,58.01],[40.6,57.9],[40.72,57.66],[40.63,57.57],[40.44,57.54],[40.51,57.52],[40.41,57.49],[40.43,57.29],[41.02,57.32],[41.15,57.42],[41.57,57.45],[41.63,57.54],[41.6,57.74],[42.22,57.55],[42.46,57.64],[42.72,57.61],[42.78,57.69],[42.89,57.65],[42.81,57.53],[42.9,57.37],[43.16,57.41],[43.19,57.55],[43.22,57.42],[43.3,57.43],[43.5,57.6],[43.85,57.42],[44.37,57.53],[44.6,57.7],[44.77,57.71],[44.88,57.88],[44.8,57.96],[44.87,58.08],[45.51,58.03],[45.61,57.92],[45.84,58.05],[46.35,58.06],[46.4,58.37],[46.58,58.4],[46.66,58.59],[47.02,58.62],[47.01,58.72],[47.11,58.78],[47.31,58.79],[47.29,58.92],[47.64,58.92],[47.44,59.09],[47.48,59.16],[47.21,59.2],[47.25,59.35],[47.05,59.37],[47.12,59.6],[46.41,59.62],[46.37,59.34],[46.02,59.32],[45.98,59.17],[45.34,59.22],[45.06,59.2],[45.04,59.12],[44.35,59.13],[44.17,59.24],[43.77,59.27],[43.53,59.18],[43.5,59.31],[43.34,59.27],[43.38,59.2],[43.14,59.29],[42.8,59.17],[42.64,59.33],[42.28,59.26],[42.22,59.41],[42.04,59.43],[41.94,59.28],[42.1,59.25],[42.06,59.13],[41.19,58.96],[41.18,58.9],[41.27,58.9],[41.16,58.8],[41.22,58.71],[40.93,58.58]]]}},{"id":"feature_37","type":"Feature","properties":{"name":"Тверская область"},"geometry":{"type":"Polygon","coordinates":[[[30.98,56.97],[30.77,56.73],[30.88,56.64],[31.08,56.64],[30.99,56.49],[31.21,56.43],[31.23,56.34],[31.51,56.31],[31.45,56.14],[31.5,56.04],[31.35,55.94],[31.48,55.72],[31.78,55.7],[31.89,55.79],[32.11,55.72],[32.03,55.68],[32.06,55.65],[32.38,55.72],[32.45,55.67],[32.5,55.74],[32.52,55.64],[32.71,55.69],[33.12,55.64],[33.53,55.77],[33.65,55.84],[33.65,55.96],[33.8,55.93],[33.8,56.02],[33.91,56.07],[34.38,56.02],[34.61,55.91],[34.75,55.98],[35.15,55.96],[35.34,56.09],[35.29,56.1],[35.36,56.18],[35.31,56.23],[35.5,56.26],[35.52,56.4],[35.42,56.38],[35.43,56.46],[35.62,56.48],[35.74,56.39],[36.09,56.34],[36.13,56.4],[36.68,56.5],[36.8,56.6],[37.06,56.53],[37.18,56.7],[37.07,56.76],[37.46,56.78],[37.58,56.87],[37.53,56.91],[37.7,56.96],[37.99,56.87],[37.99,56.77],[38.24,56.79],[38.1,56.86],[38.25,57.03],[38.15,57.22],[38.31,57.26],[38.3,57.36],[37.88,57.4],[37.81,57.44],[37.81,57.63],[37.63,57.66],[37.33,57.89],[37.45,57.91],[37.36,57.99],[37.5,57.97],[37.51,58.04],[37.72,58.08],[37.33,58.24],[37.43,58.28],[37.38,58.36],[37.63,58.42],[37.63,58.48],[37.29,58.65],[37.2,58.81],[37.07,58.86],[36.77,58.8],[36.83,58.74],[36.66,58.7],[36.5,58.52],[36.18,58.51],[35.94,58.42],[35.3,58.41],[35.26,58.27],[35.12,58.21],[34.79,58.25],[34.69,58.2],[34.73,58.14],[34.67,58.07],[34.17,58.21],[33.71,58.17],[33.53,58.06],[33.69,58.0],[33.68,57.91],[33.55,57.85],[33.59,57.73],[33.31,57.65],[33.24,57.41],[32.79,57.47],[32.38,57.23],[32.24,57.25],[32.25,57.2],[31.91,57.08],[31.75,57.11],[31.65,57.03],[31.7,56.99],[31.4,56.91],[30.98,56.97]]]}},{"id":"feature_38","type":"Feature","properties":{"name":"Тульская область"},"geometry":{"type":"Polygon","coordinates":[[[37.27,54.84],[37.12,54.55],[36.89,54.56],[36.94,54.51],[36.86,54.48],[36.97,54.43],[36.97,54.29],[36.5,54.29],[36.2,54.16],[35.97,54.18],[36.21,54.06],[36.1,54.01],[36.14,53.94],[35.9,53.85],[35.96,53.72],[36.07,53.7],[35.99,53.63],[36.03,53.56],[36.3,53.55],[36.5,53.39],[36.7,53.39],[36.78,53.3],[37.59,53.28],[37.61,53.1],[37.73,53.13],[37.87,53.01],[38.12,53.05],[38.33,52.95],[38.49,53.04],[38.57,52.99],[38.67,53.13],[38.53,53.3],[38.76,53.36],[38.72,53.53],[38.94,53.57],[38.87,53.64],[38.94,53.74],[38.79,53.83],[38.86,53.85],[38.8,53.91],[38.89,53.92],[38.78,54.03],[38.72,53.99],[38.68,54.1],[38.78,54.16],[38.67,54.26],[38.51,54.3],[38.53,54.4],[38.39,54.47],[38.51,54.59],[38.46,54.65],[38.03,54.72],[37.94,54.85],[37.75,54.83],[37.78,54.77],[37.68,54.72],[37.45,54.84],[37.27,54.84]]]}},{"id":"feature_39","type":"Feature","properties":{"name":"Калужская область"},"geometry":{"type":"Polygon","coordinates":[[[35.33,55.27],[35.12,54.98],[34.87,54.9],[34.93,54.78],[34.81,54.69],[34.41,54.69],[34.52,54.66],[34.44,54.52],[33.95,54.58],[33.65,54.51],[33.7,54.47],[33.57,54.39],[33.69,54.3],[33.56,54.11],[33.45,54.08],[33.5,54.02],[33.82,53.99],[33.81,53.9],[33.91,53.87],[34.2,53.91],[34.5,53.67],[34.52,53.5],[34.64,53.38],[34.98,53.37],[35.14,53.28],[35.38,53.33],[35.43,53.44],[35.53,53.43],[35.61,53.54],[35.77,53.51],[35.93,53.65],[35.99,53.63],[36.07,53.7],[35.96,53.72],[35.9,53.85],[36.14,53.94],[36.1,54.01],[36.21,54.06],[35.97,54.18],[36.2,54.16],[36.5,54.29],[36.97,54.29],[36.97,54.43],[36.86,54.48],[36.94,54.51],[36.89,54.56],[37.12,54.55],[37.27,54.84],[37.16,54.87],[37.05,55.14],[36.94,55.24],[36.81,55.19],[36.76,55.27],[36.62,55.27],[36.6,55.35],[36.38,55.29],[36.26,55.17],[35.74,55.3],[35.33,55.27]]]}},{"id":"feature_40","type":"Feature","properties":{"name":"Ульяновская область"},"geometry":{"type":"Polygon","coordinates":[[[46.44,54.76],[46.42,54.69],[46.54,54.63],[46.4,54.57],[46.52,54.59],[46.46,54.48],[46.57,54.5],[46.5,54.43],[46.73,54.4],[46.71,54.33],[45.97,54.15],[45.81,53.98],[45.95,54.03],[46.15,53.94],[46.22,53.89],[46.17,53.8],[46.48,53.62],[46.46,53.51],[46.91,53.36],[46.9,53.28],[46.95,53.28],[46.86,53.18],[46.97,53.13],[46.89,52.89],[46.97,52.76],[46.8,52.62],[46.98,52.64],[47.06,52.54],[47.5,52.62],[47.72,52.57],[47.81,52.74],[47.93,52.65],[48.06,52.68],[48.09,52.73],[47.99,52.73],[48.09,52.79],[48.43,52.81],[48.59,52.9],[48.36,52.96],[48.33,53.07],[48.22,53.0],[48.12,53.05],[48.21,53.14],[47.94,53.33],[48.02,53.46],[48.37,53.47],[48.47,53.56],[48.35,53.65],[48.53,53.67],[48.48,53.77],[48.99,53.71],[48.99,53.87],[49.6,53.8],[49.82,53.89],[50.04,53.82],[49.93,53.91],[50.18,54.02],[50.24,54.22],[50.09,54.51],[49.56,54.56],[49.55,54.67],[49.48,54.69],[49.53,54.72],[49.29,54.89],[49.09,54.79],[48.88,54.8],[48.88,54.63],[48.47,54.63],[48.1,54.77],[47.92,54.72],[47.93,54.64],[47.72,54.74],[47.62,54.56],[47.44,54.56],[47.43,54.5],[47.4,54.5],[47.36,54.63],[47.29,54.67],[47.27,54.67],[47.03,54.71],[46.83,54.63],[46.44,54.76]]]}},{"id":"feature_41","type":"Feature","properties":{"name":"Марий Эл"},"geometry":{"type":"Polygon","coordinates":[[[46.72,56.96],[45.94,56.86],[45.86,56.71],[45.95,56.65],[45.63,56.57],[45.76,56.41],[45.96,56.43],[45.97,56.32],[45.87,56.26],[45.96,56.16],[46.09,56.17],[46.05,56.07],[46.19,56.03],[47.39,56.32],[47.43,56.16],[47.88,56.13],[47.98,55.98],[48.41,55.83],[48.46,55.83],[48.42,55.91],[48.67,55.94],[48.69,56.06],[48.83,56.05],[49.07,56.21],[48.92,56.26],[49.05,56.34],[49.21,56.39],[49.33,56.33],[49.42,56.47],[49.45,56.47],[49.46,56.43],[49.51,56.42],[49.76,56.54],[49.82,56.5],[49.75,56.45],[49.99,56.49],[49.97,56.43],[50.2,56.56],[50.08,56.61],[50.02,56.66],[50.1,56.79],[50.02,56.87],[49.73,56.89],[49.7,57.06],[49.25,57.04],[49.14,57.18],[49.22,57.31],[49.17,57.34],[49.01,57.29],[49.05,57.19],[48.95,57.08],[48.84,57.09],[48.83,57.17],[48.42,57.11],[48.33,57.17],[48.14,57.07],[48.21,57.01],[47.95,56.96],[47.76,57.04],[47.51,56.85],[47.26,56.81],[47.13,56.81],[47.16,56.88],[47.09,56.93],[46.72,56.96]],[[49.52,56.49],[49.53,56.5],[49.55,56.5],[49.55,56.48],[49.52,56.49]]]}},{"id":"feature_42","type":"Feature","properties":{"name":"Смоленская область"},"geometry":{"type":"Polygon","coordinates":[[[30.93,55.62],[30.93,55.4],[30.82,55.28],[31.01,55.06],[30.82,54.94],[30.75,54.8],[31.2,54.65],[31.08,54.51],[31.23,54.47],[31.31,54.25],[31.87,54.08],[31.89,53.97],[31.78,53.8],[32.46,53.74],[32.5,53.69],[32.41,53.67],[32.48,53.55],[32.76,53.42],[32.88,53.43],[32.92,53.59],[33.23,53.74],[33.2,53.81],[33.3,53.82],[33.28,53.94],[33.5,54.02],[33.45,54.08],[33.56,54.11],[33.69,54.3],[33.57,54.39],[33.7,54.47],[33.65,54.51],[33.95,54.58],[34.44,54.52],[34.52,54.66],[34.41,54.69],[34.81,54.69],[34.93,54.78],[34.87,54.9],[35.12,54.98],[35.33,55.27],[35.26,55.33],[35.33,55.43],[35.29,55.55],[35.39,55.61],[35.33,55.79],[35.15,55.96],[34.75,55.98],[34.61,55.91],[34.38,56.02],[33.91,56.07],[33.8,56.02],[33.8,55.93],[33.65,55.96],[33.65,55.84],[33.53,55.77],[33.12,55.64],[32.71,55.69],[32.52,55.64],[32.5,55.74],[32.45,55.67],[32.38,55.72],[32.06,55.65],[32.03,55.68],[32.11,55.72],[31.89,55.79],[31.78,55.7],[31.48,55.72],[31.04,55.76],[31.07,55.69],[30.93,55.62]]]}},{"id":"feature_43","type":"Feature","properties":{"name":"Пермский край"},"geometry":{"type":"Polygon","coordinates":[[[59.35,61.66],[58.84,61.49],[56.65,61.52],[56.57,61.42],[56.38,61.44],[56.27,61.19],[55.81,61.25],[55.73,61.09],[55.27,61.15],[55.2,60.99],[55.05,61.01],[54.98,60.86],[53.88,60.98],[53.83,60.84],[53.61,60.85],[53.35,60.88],[53.42,61.03],[52.87,61.09],[52.81,60.94],[52.43,60.98],[52.36,60.83],[51.89,60.88],[51.77,60.58],[52.15,60.54],[52.12,60.46],[52.35,60.44],[52.32,60.23],[53.08,60.15],[53.37,60.16],[53.44,60.22],[53.62,60.11],[53.69,60.0],[53.63,59.74],[53.45,59.7],[53.36,59.46],[53.22,59.36],[53.38,59.15],[53.72,59.12],[53.73,59.18],[53.9,59.09],[53.75,58.96],[53.93,58.77],[53.74,58.69],[53.7,58.6],[53.79,58.46],[53.89,58.31],[53.79,58.24],[54.14,57.96],[54.09,57.92],[54.15,57.7],[54.05,57.64],[54.13,57.62],[53.99,57.56],[54.27,57.46],[54.12,57.35],[54.31,57.31],[54.29,57.11],[54.43,57.04],[54.15,56.98],[54.03,56.76],[53.8,56.82],[53.9,56.68],[53.84,56.6],[54.08,56.64],[54.04,56.58],[54.24,56.46],[54.33,56.48],[54.38,56.38],[54.45,56.35],[54.58,56.53],[55.15,56.31],[55.21,56.37],[55.38,56.32],[55.88,56.46],[56.08,56.29],[56.53,56.4],[56.59,56.26],[56.92,56.1],[57.2,56.17],[57.2,56.25],[57.41,56.34],[57.31,56.39],[57.42,56.58],[57.34,56.61],[57.44,56.68],[57.32,56.71],[57.25,56.88],[57.37,56.96],[57.66,56.91],[57.83,56.96],[57.87,57.06],[58.07,57.05],[58.04,57.11],[58.12,57.14],[58.03,57.15],[57.99,57.21],[58.05,57.25],[57.94,57.3],[58.03,57.61],[58.12,57.6],[58.15,57.7],[58.45,57.67],[58.54,57.56],[58.85,57.73],[58.86,57.84],[58.73,57.85],[58.59,58.04],[58.92,58.28],[59.19,58.28],[59.29,58.42],[59.45,58.48],[59.4,58.71],[59.11,58.77],[59.08,58.91],[59.21,58.95],[59.09,59.0],[59.2,59.15],[58.68,59.27],[58.52,59.44],[58.36,59.46],[58.48,59.71],[58.6,59.69],[58.69,59.86],[58.8,59.84],[58.84,59.93],[58.99,59.91],[59.15,60.34],[59.42,60.64],[59.47,60.94],[59.37,60.97],[59.25,61.26],[59.45,61.42],[59.35,61.66]],[[53.84,56.62],[54.01,56.67],[54.1,56.66],[53.96,56.6],[53.84,56.62]]]}},{"id":"feature_44","type":"Feature","properties":{"name":"Ивановская область"},"geometry":{"type":"Polygon","coordinates":[[[40.43,57.29],[39.85,57.17],[39.86,57.08],[39.52,57.02],[39.55,56.96],[39.4,56.86],[39.4,56.77],[39.9,56.77],[39.83,56.61],[39.96,56.53],[39.92,56.5],[40.19,56.44],[40.56,56.6],[41.15,56.48],[41.88,56.53],[42.05,56.35],[42.21,56.45],[42.62,56.41],[42.65,56.47],[42.9,56.47],[42.82,56.52],[42.93,56.63],[42.8,56.69],[42.87,56.81],[43.15,56.88],[43.3,56.82],[43.09,57.17],[43.3,57.43],[43.22,57.42],[43.19,57.55],[43.16,57.41],[42.9,57.37],[42.81,57.53],[42.89,57.65],[42.78,57.69],[42.72,57.61],[42.46,57.64],[42.22,57.55],[41.6,57.74],[41.63,57.54],[41.57,57.45],[41.15,57.42],[41.02,57.32],[40.43,57.29]]]}},{"id":"feature_45","type":"Feature","properties":{"name":"Чувашия"},"geometry":{"type":"MultiPolygon","coordinates":[[[[48.05,54.99],[48.1,54.99],[48.12,55.01],[48.11,55.02],[48.05,54.99]]],[[[47.29,54.67],[47.36,54.63],[47.37,54.7],[47.29,54.67]]],[[[47.84,54.77],[47.85,54.74],[47.85,54.77],[47.84,54.77]]],[[[47.82,54.9],[47.84,54.91],[47.82,54.91],[47.82,54.9]]],[[[46.19,56.03],[46.08,55.95],[46.17,55.89],[45.92,55.67],[46.13,55.52],[46.4,55.46],[46.01,55.16],[46.06,55.05],[46.15,54.97],[46.23,55.08],[46.44,54.76],[46.83,54.63],[47.03,54.71],[47.27,54.67],[47.39,54.75],[47.41,54.88],[47.75,54.81],[47.73,54.91],[47.82,54.8],[47.76,54.95],[48.01,54.99],[47.9,55.09],[48.09,55.09],[48.02,55.28],[47.87,55.32],[47.9,55.26],[47.8,55.3],[47.67,55.21],[47.64,55.34],[47.78,55.33],[47.97,55.52],[48.11,55.52],[48.15,55.57],[48.01,55.63],[48.41,55.83],[47.98,55.98],[47.88,56.13],[47.43,56.16],[47.39,56.32],[46.19,56.03]],[[47.7,55.39],[47.7,55.4],[47.74,55.38],[47.71,55.38],[47.7,55.39]],[[47.3,54.85],[47.32,54.85],[47.32,54.84],[47.3,54.85]]]]}},{"id":"feature_46","type":"Feature","properties":{"name":"Северная Осетия - Алания"},"geometry":{"type":"Polygon","coordinates":[[[43.4,42.9],[43.78,42.76],[43.71,42.64],[43.97,42.55],[44.32,42.72],[44.68,42.76],[44.64,42.91],[44.85,42.84],[44.96,43.04],[44.7,43.27],[44.68,43.21],[44.57,43.24],[44.58,43.42],[44.51,43.41],[44.48,43.51],[44.5,43.59],[44.64,43.61],[44.62,43.55],[44.85,43.56],[44.83,43.68],[44.79,43.82],[44.29,43.81],[44.28,43.71],[44.43,43.69],[44.48,43.58],[44.44,43.43],[44.35,43.39],[44.32,43.45],[44.17,43.35],[44.11,43.43],[44.04,43.35],[44.1,43.27],[44.0,43.21],[44.0,43.27],[43.92,43.24],[43.83,43.32],[43.57,42.94],[43.44,42.97],[43.4,42.9]]]}},{"id":"feature_47","type":"Feature","properties":{"name":"Брянская область"},"geometry":{"type":"Polygon","coordinates":[[[32.76,53.42],[32.73,53.33],[32.49,53.3],[32.24,53.1],[31.93,53.08],[31.63,53.23],[31.4,53.21],[31.39,53.1],[31.24,53.03],[31.59,52.79],[31.5,52.7],[31.67,52.56],[31.56,52.52],[31.62,52.49],[31.58,52.33],[31.71,52.26],[31.69,52.19],[32.1,52.03],[32.36,52.14],[32.38,52.34],[32.89,52.25],[33.17,52.37],[33.56,52.3],[33.83,52.36],[34.12,52.14],[34.1,52.0],[34.39,51.84],[34.45,51.92],[34.34,51.95],[34.53,52.07],[34.74,52.09],[34.68,52.2],[34.87,52.2],[34.93,52.37],[34.85,52.45],[34.99,52.51],[35.0,52.66],[35.11,52.7],[34.82,52.87],[35.33,53.08],[35.13,53.14],[35.14,53.28],[34.98,53.37],[34.64,53.38],[34.52,53.5],[34.5,53.67],[34.2,53.91],[33.91,53.87],[33.81,53.9],[33.82,53.99],[33.5,54.02],[33.28,53.94],[33.3,53.82],[33.2,53.81],[33.23,53.74],[32.92,53.59],[32.88,53.43],[32.76,53.42]]]}},{"id":"feature_48","type":"Feature","properties":{"name":"Пензенская область"},"geometry":{"type":"Polygon","coordinates":[[[42.14,53.8],[42.08,53.75],[42.14,53.71],[42.11,53.52],[42.3,53.45],[42.24,53.36],[42.41,53.34],[42.57,53.18],[42.51,53.17],[42.55,53.12],[42.96,52.93],[43.25,52.64],[43.06,52.56],[43.12,52.51],[43.03,52.49],[43.04,52.37],[43.18,52.45],[43.37,52.35],[43.75,52.43],[44.32,52.28],[44.4,52.43],[44.53,52.45],[44.53,52.53],[45.06,52.31],[45.09,52.4],[45.43,52.39],[45.64,52.51],[45.96,52.4],[46.0,52.51],[46.33,52.68],[46.58,52.73],[46.8,52.62],[46.97,52.76],[46.89,52.89],[46.97,53.13],[46.86,53.18],[46.95,53.28],[46.9,53.28],[46.91,53.36],[46.46,53.51],[46.48,53.62],[46.17,53.8],[46.22,53.89],[46.15,53.94],[45.95,54.03],[45.81,53.98],[45.7,53.9],[45.36,53.87],[45.18,53.97],[44.83,53.96],[44.61,53.88],[44.71,53.68],[44.51,53.65],[43.98,53.74],[43.86,53.81],[43.93,53.86],[43.85,53.92],[43.54,54.01],[43.13,53.98],[43.18,53.83],[42.76,53.83],[42.73,53.74],[42.74,53.82],[42.55,53.75],[42.55,53.83],[42.5,53.78],[42.56,53.73],[42.5,53.73],[42.31,53.8],[42.35,53.85],[42.14,53.8]]]}},{"id":"feature_49","type":"Feature","properties":{"name":"Белгородская область"},"geometry":{"type":"Polygon","coordinates":[[[35.35,50.97],[35.5,50.68],[35.39,50.58],[35.63,50.35],[36.07,50.45],[36.3,50.29],[36.43,50.33],[36.65,50.22],[36.87,50.34],[37.49,50.46],[37.49,50.36],[37.64,50.31],[37.64,50.18],[38.03,49.9],[38.22,49.98],[38.18,50.08],[38.3,50.09],[38.49,49.96],[38.68,50.01],[38.93,49.8],[39.18,49.89],[39.28,50.03],[39.12,50.16],[39.12,50.27],[39.03,50.29],[39.1,50.34],[38.98,50.44],[39.13,50.51],[39.05,50.62],[39.12,50.62],[38.77,50.72],[38.85,50.78],[38.71,50.8],[38.73,50.9],[38.88,50.91],[38.8,50.98],[38.86,51.04],[38.76,51.07],[38.63,51.0],[38.39,51.08],[38.38,51.15],[38.52,51.21],[38.29,51.3],[38.01,51.42],[37.38,51.38],[37.15,51.36],[37.14,51.23],[36.59,51.07],[36.53,51.13],[36.48,51.06],[36.01,51.16],[35.92,51.13],[36.01,51.05],[35.83,50.94],[35.57,50.9],[35.35,50.97]]]}},{"id":"feature_50","type":"Feature","properties":{"name":"Липецкая область"},"geometry":{"type":"Polygon","coordinates":[[[37.87,53.01],[37.88,52.89],[37.8,52.85],[37.89,52.74],[37.72,52.6],[38.06,52.33],[38.04,52.25],[37.76,52.16],[37.74,52.02],[37.92,51.89],[38.29,51.97],[38.71,52.1],[39.07,51.98],[39.14,52.08],[39.3,52.1],[39.47,52.07],[39.48,51.98],[39.81,51.92],[40.13,52.0],[40.53,51.95],[40.64,52.04],[40.59,52.09],[40.64,52.18],[40.77,52.2],[40.73,52.25],[40.29,52.39],[40.33,52.46],[40.05,52.55],[39.92,52.71],[40.08,52.75],[40.04,52.91],[40.12,52.94],[40.1,53.28],[40.17,53.31],[39.75,53.59],[39.55,53.52],[39.54,53.42],[39.33,53.39],[39.19,53.39],[39.05,53.58],[38.94,53.57],[38.72,53.53],[38.76,53.36],[38.53,53.3],[38.67,53.13],[38.57,52.99],[38.49,53.04],[38.33,52.95],[38.12,53.05],[37.87,53.01]]]}},{"id":"feature_51","type":"Feature","properties":{"name":"Новгородская область"},"geometry":{"type":"Polygon","coordinates":[[[29.89,58.45],[29.93,58.36],[29.82,58.26],[29.62,58.25],[29.69,58.19],[29.63,58.1],[29.99,58.04],[29.88,58.0],[29.9,57.94],[30.54,57.86],[30.42,57.78],[30.5,57.77],[30.45,57.69],[30.68,57.64],[30.46,57.52],[30.52,57.5],[30.43,57.37],[30.52,57.4],[30.47,57.35],[30.75,57.26],[30.63,57.18],[30.69,57.15],[30.68,56.98],[30.98,56.97],[31.4,56.91],[31.7,56.99],[31.65,57.03],[31.75,57.11],[31.91,57.08],[32.25,57.2],[32.24,57.25],[32.38,57.23],[32.79,57.47],[33.24,57.41],[33.31,57.65],[33.59,57.73],[33.55,57.85],[33.68,57.91],[33.69,58.0],[33.53,58.06],[33.71,58.17],[34.17,58.21],[34.67,58.07],[34.73,58.14],[34.69,58.2],[34.79,58.25],[35.12,58.21],[35.26,58.27],[35.3,58.41],[35.94,58.42],[36.18,58.51],[36.23,58.58],[36.1,58.72],[35.99,58.68],[35.91,58.74],[35.96,58.75],[35.78,58.75],[35.75,58.82],[35.83,58.82],[35.76,58.84],[35.46,58.86],[35.28,58.77],[35.13,58.82],[35.18,58.95],[35.02,58.92],[34.87,58.99],[34.9,59.05],[34.72,59.09],[34.34,59.2],[34.08,59.14],[33.93,59.23],[33.8,59.2],[33.63,59.38],[33.26,59.32],[33.02,59.43],[32.73,59.27],[32.73,59.15],[32.45,59.11],[32.39,59.14],[32.47,59.15],[32.2,59.29],[32.26,59.33],[31.96,59.43],[31.8,59.31],[31.55,59.37],[31.58,59.23],[31.48,59.1],[31.3,59.01],[31.13,59.09],[30.97,59.04],[30.92,58.92],[30.68,58.86],[30.68,58.71],[30.12,58.75],[30.07,58.63],[30.17,58.53],[29.89,58.45]]]}},{"id":"feature_52","type":"Feature","properties":{"name":"Архангельская область"},"geometry":{"type":"MultiPolygon","coordinates":[[[[37.91,63.99],[37.86,64.01],[37.9,63.99],[37.91,63.99]]],[[[36.79,64.04],[36.77,64.06],[36.76,64.01],[36.79,64.03],[36.79,64.04]]],[[[35.63,64.97],[35.69,64.97],[35.7,64.98],[35.63,64.97]]],[[[42.67,66.68],[42.61,66.76],[42.43,66.75],[42.59,66.68],[42.67,66.68]]],[[[44.25,66.44],[44.07,66.23],[44.16,66.07],[44.08,65.99],[44.17,65.88],[44.03,65.99],[44.08,66.06],[43.84,66.19],[43.37,66.07],[43.33,66.09],[43.47,66.17],[43.68,66.24],[43.26,66.41],[42.57,66.39],[42.63,66.42],[42.27,66.51],[41.52,66.12],[40.74,65.98],[40.49,65.81],[39.88,65.63],[39.71,65.49],[39.72,65.34],[40.14,65.06],[40.25,64.87],[40.4,64.92],[40.35,64.82],[40.46,64.77],[40.42,64.7],[40.03,64.77],[40.25,64.7],[40.06,64.69],[39.96,64.76],[39.84,64.69],[40.11,64.62],[39.81,64.66],[39.75,64.55],[38.45,64.81],[38.4,64.8],[38.49,64.75],[38.12,64.68],[38.0,64.75],[38.37,64.76],[38.37,64.84],[37.88,64.89],[37.66,65.04],[37.18,65.15],[36.85,65.15],[36.81,64.95],[36.44,64.92],[36.54,64.71],[36.7,64.71],[37.2,64.37],[37.62,64.36],[37.79,64.44],[37.79,64.37],[38.0,64.3],[37.89,64.21],[38.06,64.07],[38.0,63.95],[38.09,63.91],[37.67,63.89],[37.44,63.78],[36.55,63.95],[36.59,63.75],[36.46,63.63],[35.89,63.58],[36.19,63.43],[36.25,63.21],[36.39,63.23],[36.26,63.01],[36.53,62.79],[37.07,62.65],[37.55,62.62],[37.64,62.48],[37.45,62.2],[37.7,62.21],[37.81,62.01],[37.94,61.97],[37.88,61.72],[37.76,61.62],[37.82,61.53],[37.87,61.29],[38.02,61.23],[38.01,61.14],[38.27,61.07],[38.18,60.99],[38.37,60.91],[38.4,60.81],[38.59,60.8],[38.62,60.72],[38.93,60.77],[39.18,60.64],[39.19,60.72],[39.65,60.75],[40.01,60.65],[40.28,60.68],[40.43,60.78],[41.37,60.64],[41.38,60.85],[41.82,60.92],[42.37,60.77],[42.57,60.77],[42.66,60.89],[42.99,60.73],[43.15,60.81],[43.52,60.77],[43.54,60.86],[43.77,60.9],[43.78,61.04],[43.98,61.06],[44.18,61.06],[44.16,60.97],[45.25,60.89],[45.34,61.2],[45.81,61.16],[45.76,61.01],[46.3,60.97],[46.53,61.04],[46.54,60.98],[46.82,60.96],[46.82,60.88],[47.07,60.84],[47.19,61.07],[47.9,61.02],[47.97,60.88],[48.42,60.84],[48.48,61.02],[49.32,61.15],[49.5,61.61],[49.05,61.68],[49.23,62.1],[49.37,62.13],[49.64,62.77],[48.74,62.85],[48.68,62.7],[48.35,62.73],[48.26,62.51],[48.32,62.31],[47.66,62.33],[47.64,62.18],[47.39,62.18],[47.4,62.33],[47.23,62.34],[47.25,62.64],[47.06,62.83],[47.44,62.96],[47.57,63.14],[47.05,63.25],[46.94,63.35],[47.02,63.58],[46.81,63.76],[45.6,64.06],[45.4,64.17],[45.85,64.28],[46.32,64.25],[47.35,64.35],[48.16,64.35],[48.2,64.23],[48.47,64.2],[48.52,64.36],[48.88,64.33],[48.96,64.48],[49.48,64.42],[49.55,64.58],[50.36,64.51],[50.5,64.79],[50.24,64.83],[49.64,65.29],[49.06,65.22],[49.0,66.11],[48.08,66.13],[48.03,66.01],[47.91,66.03],[47.75,65.91],[47.8,65.84],[47.14,65.82],[46.35,66.04],[44.85,66.23],[44.25,66.44]]],[[[36.82,65.19],[36.84,65.21],[36.79,65.19],[36.82,65.19]]],[[[36.02,65.02],[35.85,65.05],[35.76,65.17],[35.51,65.12],[35.75,64.96],[36.02,65.02]]],[[[36.11,65.14],[36.28,65.16],[35.93,65.18],[35.93,65.14],[36.11,65.14]]],[[[58.68,74.42],[58.7,74.42],[58.72,74.43],[58.66,74.43],[58.68,74.42]]],[[[59.1,74.41],[59.0,74.38],[58.96,74.34],[59.11,74.34],[59.1,74.41]]],[[[53.1,73.05],[53.15,73.07],[53.11,73.06],[53.1,73.05]]],[[[54.14,73.43],[54.06,73.44],[54.01,73.42],[54.18,73.43],[54.14,73.43]]],[[[54.57,73.65],[54.61,73.64],[54.63,73.65],[54.57,73.65]]],[[[56.26,70.56],[56.3,70.55],[56.29,70.56],[56.26,70.56]]],[[[55.55,70.61],[55.58,70.6],[55.59,70.6],[55.55,70.61]]],[[[55.65,70.58],[55.69,70.56],[55.71,70.58],[55.69,70.58],[55.65,70.58]]],[[[55.61,70.63],[55.54,70.65],[55.58,70.64],[55.61,70.63]]],[[[53.62,71.09],[53.57,71.17],[53.6,71.12],[53.46,71.12],[53.57,71.08],[53.62,71.09]]],[[[53.44,71.05],[53.43,71.07],[53.4,71.06],[53.44,71.05]]],[[[52.57,71.39],[52.24,71.28],[52.67,71.21],[53.04,70.94],[53.18,70.95],[53.05,71.03],[53.24,71.14],[53.23,71.24],[52.57,71.39]]],[[[53.43,71.21],[53.4,71.24],[53.37,71.24],[53.39,71.2],[53.43,71.21]]],[[[53.24,71.29],[53.21,71.3],[53.16,71.3],[53.25,71.27],[53.24,71.29]]],[[[53.01,71.38],[53.05,71.35],[53.03,71.38],[53.01,71.38]]],[[[52.64,71.4],[52.67,71.39],[52.68,71.39],[52.64,71.4]]],[[[52.57,71.39],[52.54,71.42],[52.5,71.42],[52.52,71.41],[52.57,71.39]]],[[[56.4,70.51],[56.44,70.48],[56.46,70.48],[56.43,70.51],[56.4,70.51]]],[[[56.31,70.51],[56.34,70.5],[56.36,70.51],[56.31,70.51]]],[[[56.6,70.5],[56.66,70.5],[56.76,70.53],[56.69,70.54],[56.6,70.5]]],[[[58.7,79.78],[58.63,79.79],[58.65,79.78],[58.7,79.78]]],[[[49.22,80.03],[49.18,80.04],[49.13,80.03],[49.22,80.03]]],[[[59.96,79.93],[59.92,79.93],[59.85,79.9],[60.07,79.91],[59.96,79.93]]],[[[58.74,79.96],[58.63,79.99],[58.3,79.95],[58.99,79.92],[58.74,79.96]]],[[[36.79,80.16],[36.62,80.17],[36.59,80.15],[36.82,80.14],[36.79,80.16]]],[[[56.68,80.47],[56.71,80.48],[56.45,80.47],[56.55,80.47],[56.68,80.47]]],[[[54.84,80.53],[54.62,80.52],[55.12,80.48],[55.1,80.5],[54.84,80.53]]],[[[55.31,80.43],[55.22,80.42],[54.99,80.41],[55.3,80.38],[55.31,80.43]]],[[[54.84,80.43],[54.61,80.48],[54.45,80.38],[54.78,80.39],[54.84,80.43]]],[[[45.0,80.61],[44.89,80.6],[45.54,80.51],[46.04,80.55],[46.09,80.51],[46.03,80.45],[46.28,80.44],[46.6,80.55],[47.4,80.59],[47.26,80.69],[47.56,80.68],[47.45,80.73],[47.61,80.76],[47.87,80.76],[48.14,80.65],[48.79,80.65],[48.46,80.73],[48.6,80.75],[48.5,80.8],[47.44,80.85],[46.15,80.67],[45.0,80.61]]],[[[53.44,80.55],[53.39,80.62],[53.08,80.62],[53.32,80.58],[53.22,80.52],[53.31,80.49],[53.56,80.51],[53.44,80.55]]],[[[54.37,80.49],[54.42,80.51],[54.13,80.55],[54.27,80.58],[53.83,80.57],[53.97,80.52],[53.89,80.45],[54.54,80.47],[54.37,80.49]]],[[[54.41,80.55],[54.44,80.57],[54.32,80.56],[54.41,80.55]]],[[[58.78,80.56],[58.88,80.62],[58.5,80.58],[58.74,80.56],[58.78,80.56]]],[[[57.66,80.54],[57.91,80.53],[58.08,80.61],[57.28,80.59],[57.66,80.54]]],[[[56.25,80.75],[55.44,80.69],[56.06,80.6],[57.02,80.67],[56.25,80.75]]],[[[60.22,80.16],[60.08,80.19],[59.94,80.18],[60.03,80.15],[60.22,80.16]]],[[[59.06,80.11],[59.18,80.12],[59.25,80.12],[59.11,80.14],[59.06,80.11]]],[[[54.26,80.3],[54.1,80.26],[54.22,80.17],[54.45,80.27],[54.42,80.28],[54.26,80.3]]],[[[50.63,79.92],[51.43,79.92],[51.2,79.98],[51.3,80.05],[51.01,80.1],[50.06,79.95],[50.63,79.92]]],[[[49.38,80.08],[49.29,80.05],[49.69,80.05],[49.51,80.09],[49.38,80.08]]],[[[59.06,80.05],[58.79,80.01],[59.36,79.91],[60.02,80.0],[59.66,80.08],[59.06,80.05]]],[[[52.81,80.11],[52.77,80.1],[52.9,80.11],[52.81,80.11]]],[[[50.35,80.16],[50.39,80.19],[50.08,80.23],[49.55,80.16],[50.05,80.04],[50.15,80.06],[50.13,80.13],[50.35,80.16]]],[[[57.09,80.16],[57.21,80.19],[57.12,80.24],[57.2,80.3],[56.24,80.33],[55.94,80.3],[56.15,80.18],[55.82,80.09],[57.02,80.06],[57.12,80.1],[57.09,80.16]]],[[[61.18,80.34],[61.09,80.34],[61.14,80.33],[61.18,80.34]]],[[[51.59,80.32],[51.59,80.34],[51.53,80.32],[51.59,80.32]]],[[[55.43,80.32],[54.96,80.24],[55.27,80.22],[55.56,80.31],[55.43,80.32]]],[[[58.9,80.28],[58.82,80.3],[58.78,80.28],[58.84,80.28],[58.9,80.28]]],[[[53.92,80.33],[53.88,80.32],[54.09,80.33],[53.98,80.34],[53.92,80.33]]],[[[52.39,80.36],[52.26,80.34],[52.66,80.32],[52.44,80.35],[52.39,80.36]]],[[[53.55,80.16],[53.95,80.23],[53.28,80.39],[52.22,80.24],[52.69,80.15],[53.55,80.16]]],[[[57.99,80.16],[58.46,80.15],[58.49,80.2],[58.1,80.23],[58.48,80.31],[59.32,80.32],[58.27,80.47],[57.01,80.45],[57.29,80.35],[57.35,80.15],[58.08,80.11],[57.99,80.16]]],[[[60.3,80.35],[60.26,80.36],[60.09,80.34],[60.31,80.34],[60.3,80.35]]],[[[54.84,80.37],[54.93,80.4],[54.6,80.36],[54.66,80.35],[54.84,80.37]]],[[[56.25,80.39],[55.9,80.42],[55.78,80.38],[56.29,80.36],[56.25,80.39]]],[[[58.27,81.21],[58.21,81.19],[58.3,81.2],[58.27,81.21]]],[[[58.79,81.44],[58.77,81.46],[58.71,81.44],[58.79,81.44]]],[[[59.06,81.73],[59.34,81.76],[59.38,81.82],[57.91,81.81],[58.06,81.77],[57.98,81.71],[58.15,81.69],[59.06,81.73]]],[[[62.24,81.56],[61.91,81.59],[61.81,81.57],[62.32,81.54],[62.24,81.56]]],[[[58.57,81.58],[58.73,81.61],[58.3,81.59],[58.34,81.58],[58.57,81.58]]],[[[61.9,81.62],[61.95,81.61],[62.02,81.62],[61.97,81.63],[61.9,81.62]]],[[[58.94,81.63],[58.83,81.64],[58.87,81.62],[58.94,81.63]]],[[[63.28,81.71],[62.21,81.67],[63.46,81.57],[63.83,81.64],[63.28,81.71]]],[[[58.28,81.53],[58.23,81.52],[58.41,81.52],[58.28,81.53]]],[[[60.47,81.3],[60.04,81.31],[59.84,81.29],[60.6,81.26],[60.47,81.3]]],[[[54.51,81.27],[54.31,81.34],[54.3,81.31],[54.46,81.27],[54.51,81.27]]],[[[54.84,81.38],[54.93,81.38],[54.93,81.4],[54.84,81.38]]],[[[59.06,81.29],[59.36,81.33],[59.16,81.4],[59.22,81.43],[58.53,81.35],[58.64,81.32],[59.06,81.29]]],[[[57.67,81.56],[57.03,81.54],[56.84,81.47],[57.84,81.38],[58.59,81.42],[57.91,81.5],[57.67,81.56]]],[[[63.16,80.94],[62.52,80.78],[63.04,80.64],[64.42,80.71],[65.22,80.84],[65.39,80.91],[65.19,80.97],[65.4,81.01],[65.23,81.12],[64.58,81.19],[64.19,81.14],[64.12,81.07],[64.19,81.01],[64.07,80.96],[63.16,80.94]]],[[[60.47,80.43],[61.3,80.38],[61.43,80.44],[61.32,80.45],[61.65,80.47],[61.59,80.5],[61.66,80.55],[62.08,80.59],[62.04,80.63],[62.18,80.66],[62.22,80.77],[61.87,80.86],[60.41,80.77],[59.78,80.81],[59.47,80.69],[59.37,80.61],[59.47,80.52],[59.34,80.49],[59.73,80.38],[60.47,80.43]]],[[[54.84,80.84],[54.04,80.82],[54.88,80.71],[55.97,80.77],[55.19,80.87],[54.84,80.84]]],[[[57.66,80.8],[56.03,81.02],[55.5,81.0],[54.75,81.11],[54.45,81.02],[56.67,80.78],[57.06,80.68],[57.81,80.76],[57.66,80.8]]],[[[58.88,80.87],[57.84,80.78],[58.51,80.72],[59.02,80.81],[58.88,80.87]]],[[[47.81,80.06],[48.13,80.12],[48.34,80.07],[48.52,80.12],[48.44,80.17],[48.5,80.19],[49.11,80.17],[48.85,80.21],[49.0,80.24],[48.89,80.28],[48.53,80.28],[48.81,80.38],[49.57,80.35],[49.8,80.38],[49.66,80.48],[50.99,80.55],[51.8,80.71],[51.29,80.8],[50.23,80.76],[51.0,80.86],[50.89,80.94],[49.93,80.89],[50.44,80.93],[50.16,80.94],[49.02,80.78],[49.17,80.77],[48.98,80.74],[49.06,80.72],[49.3,80.75],[49.21,80.71],[49.69,80.67],[49.28,80.63],[49.43,80.6],[49.15,80.51],[48.07,80.54],[47.42,80.45],[48.36,80.4],[47.61,80.39],[48.12,80.33],[47.89,80.33],[48.03,80.3],[47.32,80.31],[47.18,80.38],[46.73,80.3],[47.12,80.16],[47.86,80.25],[48.0,80.23],[47.85,80.19],[48.15,80.2],[47.66,80.08],[47.81,80.06]]],[[[58.06,80.94],[58.15,80.95],[57.96,80.97],[58.01,80.94],[58.06,80.94]]],[[[50.63,81.06],[51.01,81.14],[50.37,81.15],[50.49,81.08],[50.38,81.04],[50.63,81.06]]],[[[54.34,81.08],[54.3,81.1],[54.25,81.1],[54.25,81.08],[54.34,81.08]]],[[[58.33,81.07],[57.86,81.04],[58.41,80.93],[58.76,81.0],[58.33,81.07]]],[[[60.47,80.9],[61.21,80.92],[61.64,81.09],[61.14,81.11],[60.0,80.97],[60.47,80.9]]],[[[57.66,81.0],[56.1,81.1],[56.78,81.02],[57.53,80.83],[58.34,80.9],[57.66,81.0]]],[[[58.64,81.04],[58.76,81.05],[58.84,81.09],[58.52,81.09],[58.64,81.04]]],[[[58.45,81.15],[58.13,81.13],[58.63,81.13],[58.45,81.15]]],[[[57.66,81.1],[58.08,81.18],[57.69,81.22],[56.93,81.14],[57.31,81.1],[57.66,81.1]]],[[[59.06,81.21],[59.0,81.2],[59.81,81.17],[59.65,81.2],[59.06,81.21]]],[[[56.15,81.2],[56.52,81.16],[57.95,81.29],[56.64,81.41],[56.37,81.4],[56.5,81.33],[56.41,81.31],[56.64,81.26],[56.58,81.25],[55.69,81.33],[55.46,81.26],[55.64,81.19],[56.15,81.2]]],[[[59.16,74.5],[59.14,74.62],[59.22,74.65],[59.09,74.71],[59.76,74.57],[59.86,74.64],[59.54,74.76],[60.2,74.72],[60.31,74.78],[60.15,74.84],[60.53,74.84],[60.63,74.91],[59.94,74.99],[60.45,75.01],[60.4,75.04],[60.49,75.1],[60.75,75.02],[60.82,75.1],[60.73,75.12],[61.11,75.18],[61.35,75.28],[61.29,75.3],[61.41,75.28],[61.38,75.21],[61.47,75.21],[61.97,75.44],[62.28,75.42],[63.37,75.58],[63.66,75.7],[63.82,75.65],[63.74,75.62],[63.8,75.61],[65.97,75.97],[68.31,76.25],[68.2,76.3],[68.96,76.54],[68.79,76.58],[69.06,76.7],[68.53,76.95],[67.76,77.0],[67.05,76.94],[66.23,76.76],[66.39,76.71],[66.33,76.7],[66.03,76.74],[65.82,76.65],[66.09,76.5],[65.49,76.55],[64.71,76.39],[64.8,76.34],[64.54,76.38],[64.07,76.27],[63.72,76.33],[63.04,76.19],[62.77,76.26],[62.53,76.16],[62.35,76.18],[62.42,76.25],[62.33,76.26],[61.13,76.28],[60.91,76.14],[61.2,76.11],[61.11,76.05],[60.48,76.0],[60.77,76.1],[60.3,76.09],[60.49,76.15],[60.08,76.15],[59.93,76.08],[60.27,76.09],[60.04,76.03],[60.36,75.99],[59.73,75.89],[59.13,75.9],[59.04,75.88],[59.19,75.85],[58.73,75.8],[58.82,75.77],[58.78,75.72],[57.98,75.63],[58.35,75.6],[58.29,75.57],[57.56,75.49],[57.88,75.31],[56.91,75.36],[56.72,75.28],[57.01,75.25],[56.45,75.05],[56.29,75.16],[55.95,75.18],[55.75,75.05],[55.93,75.05],[55.83,74.96],[56.3,75.0],[56.39,74.97],[56.26,74.93],[56.45,74.9],[55.8,74.78],[56.49,74.77],[56.43,74.72],[56.66,74.66],[55.82,74.67],[55.6,74.61],[55.57,74.54],[56.16,74.45],[55.38,74.41],[55.3,74.35],[55.76,74.27],[55.69,74.25],[55.12,74.26],[55.89,74.07],[55.03,74.16],[54.58,74.0],[54.79,73.96],[54.26,73.9],[53.94,73.77],[53.71,73.79],[53.68,73.73],[54.09,73.61],[55.27,73.7],[54.39,73.56],[54.24,73.49],[54.48,73.46],[54.07,73.36],[54.28,73.32],[54.66,73.38],[54.27,73.26],[53.42,73.23],[53.17,73.1],[53.42,73.01],[53.09,72.95],[53.56,72.88],[53.32,72.87],[52.95,72.91],[52.58,72.84],[52.4,72.72],[52.8,72.64],[52.69,72.61],[52.8,72.61],[52.73,72.54],[52.99,72.57],[52.53,72.34],[52.72,72.3],[52.46,72.27],[52.53,72.22],[52.38,72.18],[52.41,72.11],[52.33,72.08],[52.39,72.06],[51.86,72.15],[51.57,72.06],[51.44,71.78],[51.62,71.54],[51.89,71.46],[52.3,71.46],[52.2,71.53],[52.27,71.56],[52.45,71.46],[52.41,71.54],[52.58,71.6],[52.72,71.52],[52.6,71.51],[52.64,71.45],[52.88,71.46],[52.97,71.37],[53.12,71.38],[52.95,71.46],[53.13,71.42],[53.55,71.2],[53.84,71.13],[54.08,71.18],[54.01,71.14],[54.12,71.1],[53.82,71.11],[53.93,71.02],[53.53,71.06],[53.78,70.93],[53.68,70.88],[53.75,70.81],[53.48,70.92],[53.58,70.88],[53.36,70.86],[53.49,70.8],[54.11,70.72],[54.29,70.76],[54.78,70.63],[54.48,70.73],[54.58,70.77],[55.17,70.55],[55.3,70.56],[55.27,70.68],[55.5,70.63],[55.35,70.71],[55.43,70.73],[55.89,70.57],[56.04,70.6],[55.83,70.66],[56.48,70.52],[56.77,70.59],[56.61,70.65],[56.85,70.59],[56.8,70.56],[57.04,70.47],[57.21,70.51],[57.01,70.56],[57.48,70.51],[57.15,70.61],[57.47,70.59],[57.61,70.71],[56.21,71.18],[55.58,71.7],[55.53,71.88],[55.31,71.93],[55.43,71.93],[55.41,72.09],[55.58,72.17],[55.37,72.29],[55.5,72.38],[55.36,72.43],[55.56,72.47],[55.42,72.56],[55.62,72.53],[55.67,72.66],[55.92,72.65],[55.84,72.74],[55.48,72.77],[56.12,72.78],[56.27,72.95],[55.62,72.94],[56.32,72.99],[56.43,73.02],[55.89,73.05],[56.57,73.14],[56.4,73.22],[55.59,73.32],[55.78,73.34],[55.96,73.29],[56.0,73.39],[56.12,73.26],[56.73,73.23],[56.81,73.31],[56.75,73.33],[56.9,73.3],[57.24,73.45],[56.76,73.58],[56.89,73.6],[56.76,73.68],[57.21,73.55],[57.62,73.63],[57.47,73.75],[56.96,73.86],[57.53,73.81],[57.66,73.71],[57.88,73.77],[57.76,73.88],[57.86,73.91],[57.38,74.07],[57.54,74.08],[57.4,74.2],[57.71,74.05],[58.15,73.97],[58.25,74.0],[58.15,74.11],[58.34,74.05],[58.33,74.12],[58.54,74.12],[58.27,74.15],[58.73,74.21],[58.64,74.29],[58.83,74.33],[58.61,74.37],[58.67,74.4],[58.5,74.5],[58.2,74.54],[59.36,74.41],[59.06,74.47],[59.15,74.49],[59.16,74.5]]],[[[59.15,74.49],[59.32,74.49],[59.19,74.51],[59.27,74.57],[59.16,74.5],[59.15,74.49]]],[[[58.74,75.78],[58.66,75.78],[58.59,75.75],[58.71,75.76],[58.74,75.78]]],[[[59.26,75.93],[59.29,75.94],[58.8,75.9],[58.92,75.89],[59.26,75.93]]],[[[59.51,76.03],[59.62,76.02],[59.73,76.04],[59.69,76.04],[59.51,76.03]]],[[[62.95,76.23],[62.97,76.22],[63.01,76.24],[62.95,76.23]]],[[[59.51,76.03],[59.44,76.05],[59.38,76.02],[59.45,76.02],[59.51,76.03]]]]}},{"id":"feature_53","type":"Feature","properties":{"name":"Нижегородская область"},"geometry":{"type":"Polygon","coordinates":[[[41.79,55.1],[42.0,55.1],[42.06,54.98],[42.45,55.03],[42.44,54.83],[42.43,54.79],[42.44,54.8],[43.09,54.77],[43.17,54.9],[43.39,54.96],[43.96,54.81],[43.92,54.74],[44.1,54.73],[44.07,54.65],[44.2,54.6],[44.46,54.52],[44.6,54.57],[44.66,54.51],[44.58,54.47],[44.77,54.52],[45.1,54.47],[45.14,54.53],[45.01,54.57],[45.09,54.65],[45.03,54.74],[45.11,54.8],[45.19,54.75],[45.23,54.88],[45.43,54.89],[45.48,55.11],[45.7,55.19],[45.78,55.12],[45.72,54.99],[46.06,55.05],[46.01,55.16],[46.4,55.46],[46.13,55.52],[45.92,55.67],[46.17,55.89],[46.08,55.95],[46.19,56.03],[46.05,56.07],[46.09,56.17],[45.96,56.16],[45.87,56.26],[45.97,56.32],[45.96,56.43],[45.76,56.41],[45.63,56.57],[45.95,56.65],[45.86,56.71],[45.94,56.86],[46.72,56.96],[46.81,57.08],[46.75,57.16],[46.86,57.22],[46.68,57.34],[46.82,57.45],[46.75,57.52],[47.48,57.52],[47.62,57.86],[47.77,57.89],[47.42,58.01],[46.44,58.0],[46.35,58.06],[45.84,58.05],[45.61,57.92],[45.51,58.03],[44.87,58.08],[44.8,57.96],[44.88,57.88],[44.77,57.71],[44.6,57.7],[44.37,57.53],[43.85,57.42],[43.5,57.6],[43.3,57.43],[43.09,57.17],[43.3,56.82],[43.15,56.88],[42.87,56.81],[42.8,56.69],[42.93,56.63],[42.82,56.52],[42.9,56.47],[42.65,56.47],[42.62,56.41],[42.77,56.33],[42.76,56.19],[42.9,56.21],[42.96,56.14],[42.72,56.1],[42.72,55.97],[42.53,55.96],[42.39,55.79],[42.14,55.68],[42.06,55.59],[42.17,55.44],[41.95,55.35],[41.97,55.29],[41.79,55.1]]]}},{"id":"feature_54","type":"Feature","properties":{"name":"Курганская область"},"geometry":{"type":"Polygon","coordinates":[[[62.06,56.13],[62.23,56.03],[62.24,55.93],[62.37,55.93],[62.3,55.84],[62.53,55.77],[62.55,55.65],[62.47,55.56],[62.62,55.49],[62.3,55.4],[62.19,55.45],[62.24,55.34],[62.07,55.3],[62.29,55.08],[62.19,54.99],[61.97,55.03],[62.12,54.81],[62.02,54.72],[62.28,54.67],[62.55,54.73],[62.55,54.65],[62.67,54.62],[63.2,54.7],[63.29,54.54],[63.13,54.47],[63.18,54.4],[63.1,54.33],[63.36,54.19],[63.82,54.27],[63.98,54.2],[63.98,54.3],[64.62,54.4],[64.74,54.35],[64.97,54.42],[65.22,54.33],[65.21,54.54],[65.5,54.57],[65.49,54.66],[65.75,54.61],[65.98,54.72],[66.0,54.63],[67.33,54.87],[67.69,54.86],[67.82,54.97],[68.24,54.97],[68.24,55.05],[68.32,55.08],[68.18,55.2],[68.62,55.2],[68.72,55.35],[68.19,55.59],[68.18,55.72],[67.92,55.66],[67.82,55.73],[67.41,55.73],[67.3,55.96],[66.76,55.98],[66.72,56.04],[66.47,55.96],[66.16,56.07],[66.02,55.99],[65.84,56.07],[65.68,56.27],[65.12,56.31],[65.21,56.36],[65.0,56.5],[65.04,56.61],[64.93,56.77],[64.83,56.84],[64.33,56.76],[64.34,56.64],[64.18,56.59],[64.18,56.46],[63.83,56.48],[63.52,56.61],[63.4,56.61],[63.36,56.49],[63.18,56.59],[62.89,56.59],[62.65,56.49],[62.52,56.56],[62.27,56.42],[62.27,56.34],[62.07,56.3],[62.06,56.13]]]}},{"id":"feature_55","type":"Feature","properties":{"name":"Курская область"},"geometry":{"type":"Polygon","coordinates":[[[34.39,51.84],[34.44,51.73],[34.08,51.67],[34.31,51.52],[34.23,51.4],[34.34,51.36],[34.23,51.27],[34.66,51.25],[34.72,51.17],[35.15,51.22],[35.15,51.08],[35.38,51.07],[35.35,50.97],[35.57,50.9],[35.83,50.94],[36.01,51.05],[35.92,51.13],[36.01,51.16],[36.48,51.06],[36.53,51.13],[36.59,51.07],[37.14,51.23],[37.15,51.36],[37.38,51.38],[38.01,51.42],[38.29,51.3],[38.38,51.39],[38.29,51.39],[38.3,51.52],[38.14,51.64],[38.52,51.75],[38.4,51.78],[38.43,51.94],[38.29,51.97],[37.92,51.89],[37.74,52.02],[37.51,52.02],[37.42,51.93],[37.18,52.04],[37.21,52.08],[36.52,52.22],[36.32,52.38],[35.67,52.25],[35.61,52.44],[35.07,52.32],[34.93,52.37],[34.87,52.2],[34.68,52.2],[34.74,52.09],[34.53,52.07],[34.34,51.95],[34.45,51.92],[34.39,51.84]]]}},{"id":"feature_56","type":"Feature","properties":{"name":"Забайкальский край"},"geometry":{"type":"Polygon","coordinates":[[[115.73,56.96],[115.59,56.88],[115.58,56.71],[115.42,56.62],[115.68,56.57],[115.8,56.44],[115.67,56.41],[115.67,56.3],[115.83,56.15],[115.75,56.12],[115.78,55.99],[115.9,55.93],[115.83,55.8],[115.83,55.68],[115.91,55.65],[115.87,55.51],[115.96,55.44],[115.9,55.41],[116.11,55.34],[116.38,55.38],[116.47,55.23],[116.84,55.03],[116.91,54.79],[116.75,54.66],[116.72,54.53],[115.6,54.41],[115.16,54.19],[114.97,53.99],[113.8,53.62],[113.95,53.25],[114.21,53.18],[114.14,53.08],[114.37,53.05],[114.23,52.9],[114.26,52.82],[114.08,52.66],[113.81,52.61],[113.59,52.45],[113.15,52.45],[112.92,52.33],[112.55,52.35],[112.38,52.2],[112.07,52.28],[111.71,51.98],[111.02,51.79],[110.69,51.51],[109.98,51.62],[109.42,51.43],[109.39,51.35],[109.23,51.37],[109.06,51.52],[108.92,51.43],[108.63,51.49],[108.62,51.41],[108.5,51.41],[108.38,51.26],[108.56,51.12],[108.34,51.06],[108.27,50.82],[108.06,50.77],[108.18,50.65],[108.69,50.51],[108.21,50.41],[108.11,50.31],[107.97,50.32],[107.94,50.24],[107.73,50.15],[107.76,49.97],[107.97,49.94],[107.95,49.67],[108.31,49.53],[108.52,49.32],[109.17,49.35],[109.56,49.22],[110.2,49.15],[110.38,49.25],[110.82,49.18],[111.38,49.36],[112.81,49.51],[113.04,49.61],[113.22,49.84],[114.34,50.28],[114.97,50.18],[115.22,49.99],[115.51,49.91],[115.75,49.89],[116.24,50.04],[116.62,49.93],[117.06,49.69],[117.88,49.51],[118.64,49.92],[119.28,50.08],[119.37,50.32],[119.12,50.39],[119.24,50.45],[119.27,50.6],[119.47,50.72],[119.51,50.9],[119.76,51.09],[119.75,51.21],[119.97,51.4],[120.08,51.68],[120.7,51.98],[120.78,52.16],[120.62,52.36],[120.73,52.54],[120.46,52.64],[120.08,52.58],[120.02,52.77],[120.28,52.86],[120.88,53.29],[121.23,53.28],[122.11,53.43],[121.97,53.55],[121.93,53.85],[121.63,54.1],[121.78,54.17],[121.65,54.36],[121.7,54.41],[121.82,54.45],[121.94,54.38],[122.15,54.46],[121.93,54.57],[121.91,54.8],[121.64,54.76],[121.96,55.0],[121.91,55.12],[122.03,55.2],[121.94,55.23],[121.99,55.51],[121.78,55.63],[121.56,55.51],[121.34,55.52],[121.34,55.82],[121.19,56.04],[120.12,55.87],[120.04,56.16],[120.53,56.29],[120.24,56.4],[120.25,56.48],[119.95,56.49],[119.8,56.6],[119.89,56.68],[119.66,56.78],[119.86,56.9],[119.57,57.08],[119.69,57.18],[119.4,57.43],[119.5,57.6],[119.34,57.62],[119.22,57.51],[119.14,57.56],[119.17,57.72],[119.04,57.75],[119.18,58.05],[119.12,58.24],[118.68,58.18],[118.26,58.4],[117.83,58.44],[117.47,58.33],[117.59,58.18],[117.41,58.14],[117.43,57.93],[117.07,57.83],[117.18,57.77],[117.14,57.65],[117.33,57.63],[117.34,57.56],[117.25,57.54],[117.34,57.36],[117.45,57.37],[117.45,57.26],[117.59,57.35],[117.78,57.32],[117.72,57.21],[117.58,57.17],[117.68,57.04],[117.55,56.95],[117.56,56.87],[117.4,56.85],[117.32,56.96],[117.11,56.82],[116.74,56.74],[116.32,56.87],[116.11,56.82],[115.73,56.96]]]}},{"id":"feature_57","type":"Feature","properties":{"name":"Алтай"},"geometry":{"type":"Polygon","coordinates":[[[87.13,52.62],[86.81,52.65],[86.8,52.52],[86.63,52.53],[86.68,52.44],[86.62,52.41],[86.78,52.29],[86.72,52.2],[86.8,52.16],[86.46,52.13],[86.4,52.03],[86.23,52.01],[85.92,52.11],[85.8,52.05],[85.89,52.03],[85.82,51.97],[85.87,51.91],[85.72,51.84],[85.78,51.82],[85.7,51.73],[85.47,51.7],[85.45,51.56],[85.19,51.49],[85.0,51.51],[84.42,51.27],[84.26,51.28],[84.12,51.07],[84.1,51.14],[83.93,51.14],[83.94,51.07],[84.49,50.95],[84.44,50.86],[84.59,50.82],[84.47,50.69],[84.07,50.63],[84.24,50.52],[84.25,50.29],[84.33,50.23],[84.62,50.21],[85.03,50.06],[84.99,49.91],[85.2,49.75],[85.26,49.59],[85.59,49.62],[86.2,49.47],[86.27,49.58],[86.58,49.73],[86.6,49.81],[86.77,49.79],[86.78,49.7],[86.62,49.57],[86.82,49.55],[87.04,49.25],[87.31,49.24],[87.28,49.11],[87.42,49.07],[87.49,49.14],[87.99,49.18],[88.17,49.3],[88.12,49.38],[88.22,49.48],[88.84,49.44],[88.9,49.56],[89.01,49.47],[89.2,49.52],[89.2,49.63],[89.34,49.58],[89.72,49.73],[89.59,49.91],[89.52,50.18],[89.31,50.21],[89.38,50.34],[89.5,50.36],[89.5,50.46],[89.65,50.37],[89.82,50.41],[89.85,50.53],[89.64,50.58],[89.4,50.85],[89.06,51.05],[88.96,51.24],[89.01,51.39],[88.79,51.55],[88.66,51.53],[88.7,51.39],[88.44,51.28],[87.94,51.48],[87.9,51.55],[88.11,51.74],[87.89,51.78],[87.98,51.95],[88.15,52.1],[88.25,52.05],[88.38,52.18],[88.47,52.34],[88.41,52.45],[88.23,52.4],[87.89,52.54],[87.65,52.42],[87.13,52.62]]]}},{"id":"feature_58","type":"Feature","properties":{"name":"Рязанская область"},"geometry":{"type":"MultiPolygon","coordinates":[[[[38.67,54.26],[38.78,54.16],[38.68,54.1],[38.72,53.99],[38.78,54.03],[38.89,53.92],[38.8,53.91],[38.86,53.85],[38.79,53.83],[38.94,53.74],[38.87,53.64],[38.94,53.57],[39.05,53.58],[39.19,53.39],[39.33,53.39],[39.54,53.42],[39.55,53.52],[39.75,53.59],[40.17,53.31],[40.37,53.34],[40.42,53.5],[40.47,53.44],[40.7,53.56],[40.83,53.46],[40.96,53.5],[41.14,53.42],[41.36,53.53],[41.41,53.78],[42.14,53.8],[42.35,53.85],[42.45,54.0],[42.26,54.09],[42.69,54.13],[42.65,54.17],[42.43,54.26],[42.29,54.15],[42.16,54.26],[42.3,54.23],[42.63,54.38],[42.53,54.44],[42.69,54.58],[42.6,54.7],[42.41,54.71],[42.39,54.83],[42.44,54.83],[42.45,55.03],[42.06,54.98],[42.0,55.1],[41.79,55.1],[41.29,55.23],[41.09,55.18],[40.99,55.26],[41.0,55.27],[40.6,55.2],[40.53,55.3],[40.59,55.35],[40.36,55.29],[40.37,55.35],[40.19,55.37],[40.15,55.26],[39.71,55.13],[39.86,55.11],[39.8,55.01],[39.52,54.98],[39.23,54.64],[38.85,54.63],[38.78,54.48],[38.94,54.41],[38.71,54.35],[38.67,54.26]]],[[[42.43,54.79],[42.51,54.75],[42.44,54.8],[42.43,54.79]]]]}},{"id":"feature_59","type":"Feature","properties":{"name":"Ямало-Ненецкий автономный округ"},"geometry":{"type":"MultiPolygon","coordinates":[[[[71.64,66.9],[71.61,66.9],[71.65,66.9],[71.64,66.9]]],[[[71.7,66.89],[71.66,66.88],[71.7,66.88],[71.7,66.89]]],[[[67.41,68.76],[67.35,68.81],[67.18,68.82],[67.33,68.76],[67.41,68.76]]],[[[66.48,68.95],[66.55,68.92],[66.22,69.06],[65.97,69.09],[66.16,69.07],[66.48,68.95]]],[[[67.32,69.48],[67.38,69.53],[67.33,69.58],[67.03,69.47],[67.22,69.43],[67.32,69.48]]],[[[66.8,70.42],[66.7,70.44],[66.9,70.38],[66.8,70.42]]],[[[72.19,66.35],[72.23,66.34],[72.25,66.35],[72.22,66.36],[72.19,66.35]]],[[[71.02,66.38],[71.03,66.41],[70.97,66.39],[71.01,66.37],[71.02,66.38]]],[[[70.87,66.44],[70.89,66.44],[70.93,66.44],[70.87,66.44]]],[[[70.09,66.44],[70.03,66.44],[70.01,66.42],[70.11,66.42],[70.09,66.44]]],[[[71.13,66.53],[71.18,66.52],[71.18,66.54],[71.13,66.53]]],[[[69.33,66.61],[69.35,66.6],[69.36,66.61],[69.33,66.61]]],[[[76.7,73.12],[76.6,73.18],[76.11,73.19],[76.35,73.13],[76.7,73.12]]],[[[75.61,73.46],[75.66,73.43],[75.92,73.44],[75.79,73.52],[75.61,73.46]]],[[[70.11,73.0],[70.02,73.05],[70.45,73.02],[71.68,73.16],[71.43,73.32],[71.27,73.24],[71.01,73.25],[71.37,73.31],[71.31,73.39],[71.1,73.33],[71.1,73.43],[71.26,73.41],[71.16,73.44],[70.34,73.44],[70.01,73.38],[70.05,73.25],[69.94,73.05],[70.11,73.0]]],[[[62.0,65.72],[62.43,65.5],[62.37,65.43],[62.46,65.34],[62.87,65.29],[62.7,64.87],[62.81,64.84],[62.81,64.74],[62.56,64.56],[62.91,64.47],[63.25,64.52],[63.48,64.46],[63.52,64.36],[63.41,64.33],[63.61,64.27],[65.18,64.47],[65.37,64.55],[66.2,64.59],[66.97,64.51],[66.84,64.21],[67.78,64.02],[68.45,64.29],[68.91,64.23],[69.04,64.33],[68.86,64.44],[69.25,64.48],[69.4,64.39],[70.29,64.34],[70.77,64.19],[70.77,64.11],[70.56,64.02],[70.92,63.7],[71.46,63.68],[71.56,63.57],[71.65,63.19],[72.13,63.3],[72.66,63.28],[73.05,63.43],[73.5,63.19],[74.25,63.17],[74.52,63.04],[75.78,63.12],[76.34,62.95],[76.67,63.03],[77.02,62.97],[77.14,62.81],[78.09,62.46],[78.74,62.6],[79.84,62.61],[79.91,62.79],[80.92,63.16],[81.04,63.15],[81.1,63.01],[81.32,62.91],[81.29,62.86],[81.74,62.7],[82.16,62.81],[82.76,62.75],[82.76,62.66],[83.32,62.46],[83.81,62.57],[84.03,62.4],[84.24,62.38],[84.44,62.2],[84.94,62.48],[84.94,62.59],[85.09,62.63],[85.21,62.8],[85.52,62.9],[85.5,62.97],[85.62,63.03],[85.5,63.18],[85.69,63.37],[85.46,63.35],[85.35,63.49],[85.02,63.58],[85.3,63.65],[85.38,63.77],[85.33,63.8],[85.51,63.93],[85.97,64.05],[86.01,64.27],[85.81,64.5],[85.91,64.57],[85.83,64.78],[85.53,64.85],[85.13,64.76],[85.13,64.83],[84.95,64.83],[85.03,64.91],[84.92,64.95],[84.27,64.94],[84.39,65.05],[84.29,65.1],[84.56,65.27],[84.51,65.48],[84.17,65.58],[84.29,65.69],[84.0,65.79],[83.47,65.81],[83.55,65.9],[83.27,66.05],[83.54,66.19],[83.08,66.46],[83.09,66.59],[83.33,66.66],[83.14,66.83],[82.12,67.23],[82.37,67.32],[82.23,67.41],[82.39,67.47],[82.38,67.55],[82.12,67.6],[82.03,67.64],[82.1,67.72],[81.73,67.89],[81.77,67.95],[82.36,67.94],[82.34,68.11],[82.55,68.17],[82.56,68.26],[82.69,68.33],[82.63,68.58],[82.87,68.67],[82.57,68.82],[82.49,68.97],[82.32,69.05],[82.46,69.08],[82.47,69.15],[81.85,69.2],[81.81,69.25],[81.96,69.35],[81.71,69.45],[81.59,69.27],[80.95,69.2],[80.7,69.32],[79.84,69.36],[79.62,69.46],[79.47,69.66],[79.04,69.7],[79.17,69.74],[78.88,69.88],[79.16,69.95],[79.12,70.0],[79.22,70.06],[79.37,70.05],[79.32,70.14],[79.55,70.12],[79.67,70.23],[79.79,70.23],[79.75,70.28],[79.92,70.27],[80.22,70.44],[80.62,70.45],[80.83,70.38],[80.89,70.44],[80.65,70.48],[80.82,70.63],[80.65,70.69],[80.71,70.81],[80.64,70.83],[80.59,71.04],[80.0,71.12],[79.13,71.39],[79.31,71.45],[79.37,71.53],[79.31,71.59],[79.98,71.61],[80.17,71.68],[80.07,71.82],[80.38,71.88],[79.72,72.05],[79.07,72.06],[78.63,72.17],[78.55,72.2],[78.66,72.22],[78.61,72.29],[78.42,72.33],[78.5,72.37],[78.03,72.35],[77.67,72.19],[77.46,72.21],[77.52,72.17],[77.4,72.1],[77.98,72.1],[78.24,71.97],[78.0,71.85],[77.56,71.83],[76.89,72.05],[76.0,71.89],[76.3,71.56],[77.39,71.3],[77.72,71.26],[77.92,71.34],[77.94,71.23],[78.27,71.25],[78.27,71.08],[78.51,71.03],[78.42,70.94],[78.47,70.89],[77.94,70.97],[77.79,71.13],[76.07,71.2],[75.3,71.33],[75.22,71.42],[75.41,71.44],[75.5,71.54],[75.42,71.58],[75.48,71.65],[75.22,71.77],[75.24,71.93],[75.37,71.95],[75.56,72.22],[75.73,72.21],[75.49,72.49],[75.63,72.54],[75.31,72.69],[75.47,72.73],[75.0,72.87],[74.74,72.81],[74.92,72.7],[75.07,72.44],[75.07,72.26],[74.97,72.15],[73.5,71.79],[73.47,71.63],[73.0,71.4],[73.58,71.2],[73.89,70.97],[73.92,70.84],[74.29,70.62],[74.26,70.45],[73.68,70.11],[73.78,70.07],[73.75,69.96],[73.54,69.74],[73.9,69.42],[73.77,69.18],[73.87,69.08],[74.29,69.13],[74.89,69.08],[75.56,69.25],[76.02,69.24],[77.67,68.88],[77.74,68.71],[77.7,68.61],[77.79,68.51],[77.95,68.5],[77.87,68.45],[78.17,68.25],[77.52,68.12],[77.48,67.97],[77.6,67.93],[77.47,67.88],[77.47,67.76],[77.96,67.71],[77.82,67.66],[78.15,67.67],[78.32,67.82],[78.41,67.77],[78.35,67.74],[78.64,67.66],[78.62,67.58],[78.84,67.62],[78.79,67.58],[77.97,67.53],[77.07,67.77],[77.3,67.89],[77.18,67.99],[77.34,68.23],[77.13,68.28],[77.29,68.37],[77.23,68.46],[77.33,68.48],[76.66,68.74],[76.62,68.78],[76.7,68.85],[76.61,68.96],[76.21,68.98],[74.5,68.71],[74.47,68.5],[74.31,68.36],[74.58,68.24],[74.79,68.03],[74.75,67.7],[73.92,67.29],[73.87,67.0],[72.91,66.64],[72.47,66.59],[72.3,66.49],[72.4,66.35],[72.21,66.26],[72.07,66.22],[71.48,66.33],[70.39,66.33],[69.9,66.4],[69.19,66.58],[69.13,66.61],[69.18,66.73],[69.11,66.77],[68.79,66.75],[68.19,66.5],[67.96,66.51],[68.29,66.55],[68.62,66.7],[68.37,66.69],[68.43,66.74],[69.06,66.82],[69.53,66.81],[69.55,66.79],[69.16,66.79],[69.34,66.71],[69.28,66.69],[69.33,66.63],[69.5,66.73],[69.58,66.6],[69.86,66.47],[70.15,66.52],[70.03,66.61],[70.16,66.66],[69.89,66.71],[70.08,66.71],[70.03,66.74],[69.64,66.75],[69.89,66.85],[70.19,66.69],[70.43,66.68],[70.27,66.58],[70.68,66.5],[71.59,66.64],[71.64,66.72],[71.49,66.82],[71.56,66.87],[71.32,66.94],[71.75,66.9],[72.02,67.04],[71.97,67.12],[72.21,67.14],[72.19,67.25],[72.04,67.29],[72.39,67.31],[72.41,67.46],[72.55,67.52],[72.52,67.58],[73.1,67.71],[73.05,67.79],[73.19,67.87],[73.03,68.07],[73.08,68.21],[73.5,68.46],[73.59,68.42],[73.6,68.46],[73.59,68.51],[73.55,68.54],[72.68,68.85],[72.52,69.0],[72.48,69.16],[72.61,69.31],[72.48,69.4],[72.57,69.39],[72.64,69.5],[72.5,69.64],[72.68,69.78],[72.48,70.01],[72.59,70.13],[72.41,70.24],[72.74,70.4],[72.68,70.58],[72.8,70.84],[72.58,70.98],[72.68,71.05],[72.54,71.15],[72.05,71.29],[71.82,71.48],[72.32,71.7],[72.33,71.85],[72.45,71.88],[72.71,72.2],[72.83,72.25],[72.82,72.5],[72.69,72.59],[72.96,72.57],[72.91,72.61],[72.96,72.66],[71.62,72.89],[69.67,72.85],[69.58,72.89],[69.88,72.9],[69.8,72.95],[69.4,72.94],[68.99,72.66],[68.53,71.85],[68.31,71.66],[68.02,71.5],[66.93,71.27],[66.45,70.83],[66.61,70.96],[66.8,70.99],[66.76,71.04],[66.81,71.09],[66.93,71.07],[66.65,70.87],[66.72,70.8],[66.69,70.75],[67.22,70.83],[67.39,70.76],[67.23,70.52],[67.33,70.44],[67.13,70.22],[67.29,70.18],[67.37,70.03],[67.04,69.95],[66.96,69.99],[67.01,70.05],[66.95,70.02],[66.85,69.9],[66.83,69.57],[66.85,69.53],[66.93,69.47],[66.93,69.45],[67.0,69.39],[67.17,69.36],[67.19,69.42],[66.86,69.53],[66.97,69.5],[66.88,69.61],[67.03,69.69],[67.98,69.47],[68.1,69.54],[68.14,69.46],[68.04,69.32],[68.43,69.0],[68.77,68.9],[69.17,68.93],[68.97,68.88],[69.14,68.81],[68.55,68.26],[68.3,68.17],[68.18,68.23],[68.26,68.32],[68.2,68.37],[67.79,68.45],[67.72,68.49],[67.84,68.47],[67.05,68.8],[67.15,68.82],[65.8,69.05],[65.72,69.09],[65.96,69.07],[65.08,69.26],[64.9,69.18],[64.83,69.16],[64.76,69.13],[64.73,69.12],[64.54,69.03],[64.63,68.93],[64.56,68.87],[65.4,68.79],[65.35,68.73],[65.45,68.73],[65.44,68.65],[65.67,68.56],[65.47,68.42],[65.27,68.23],[65.36,67.95],[66.08,67.94],[66.13,67.91],[66.02,67.81],[66.25,67.73],[66.16,67.65],[65.79,67.64],[65.82,67.54],[66.05,67.58],[66.09,67.5],[66.01,67.41],[65.7,67.38],[65.75,67.33],[65.18,67.14],[65.25,67.09],[65.08,67.04],[65.14,66.91],[63.42,66.47],[63.23,66.33],[63.28,66.22],[63.11,66.25],[62.79,66.0],[62.91,65.97],[62.8,65.86],[62.0,65.72]]],[[[66.61,70.47],[66.66,70.46],[66.62,70.49],[66.61,70.47]]],[[[66.6,70.5],[66.44,70.66],[66.45,70.81],[66.42,70.7],[66.45,70.59],[66.6,70.5]]],[[[76.88,72.21],[76.92,72.17],[76.96,72.2],[76.94,72.23],[76.88,72.21]]],[[[77.01,72.24],[76.98,72.23],[77.04,72.23],[77.01,72.24]]],[[[77.28,72.24],[77.2,72.23],[77.31,72.23],[77.28,72.24]]],[[[77.07,72.28],[77.8,72.29],[78.35,72.48],[78.21,72.55],[77.61,72.6],[76.87,72.3],[77.07,72.28]]],[[[74.7,72.86],[74.63,72.94],[74.76,73.07],[74.3,73.1],[74.11,73.0],[74.65,72.83],[74.7,72.86]]]]}},{"id":"feature_60","type":"Feature","properties":{"name":"Красноярский край"},"geometry":{"type":"MultiPolygon","coordinates":[[[[88.63,55.32],[88.65,55.3],[88.66,55.3],[88.65,55.32],[88.63,55.32]]],[[[81.02,72.3],[80.96,72.3],[81.05,72.29],[81.02,72.3]]],[[[80.74,72.43],[80.86,72.38],[80.87,72.4],[80.78,72.44],[80.74,72.43]]],[[[104.71,72.64],[104.55,72.61],[104.74,72.64],[104.71,72.64]]],[[[105.64,72.84],[105.69,72.84],[105.73,72.85],[105.66,72.84],[105.64,72.84]]],[[[104.93,72.7],[105.04,72.73],[104.82,72.71],[104.93,72.7]]],[[[106.0,72.96],[106.01,72.98],[105.98,72.95],[106.0,72.96]]],[[[78.83,73.21],[78.78,73.19],[78.99,73.24],[78.9,73.23],[78.83,73.21]]],[[[78.75,72.77],[79.4,72.7],[79.57,72.75],[79.51,72.93],[79.17,73.08],[78.61,72.82],[78.75,72.77]]],[[[86.4,73.2],[86.37,73.24],[86.34,73.22],[86.37,73.2],[86.4,73.2]]],[[[80.29,73.42],[80.33,73.42],[80.32,73.43],[80.29,73.42]]],[[[80.46,73.44],[80.47,73.43],[80.57,73.42],[80.46,73.44]]],[[[80.16,73.46],[80.19,73.45],[80.2,73.47],[80.16,73.46]]],[[[111.32,73.85],[111.23,73.99],[111.6,74.01],[111.22,74.04],[110.98,73.9],[110.46,74.01],[109.97,74.0],[109.84,73.87],[109.54,73.8],[109.77,73.65],[110.3,73.68],[110.68,73.79],[110.88,73.76],[111.32,73.85]]],[[[84.64,73.86],[84.6,73.85],[84.73,73.86],[84.71,73.87],[84.64,73.86]]],[[[87.13,73.77],[87.18,73.77],[86.86,73.65],[87.14,73.63],[87.36,73.8],[87.13,73.77]]],[[[87.13,73.79],[87.1,73.77],[87.13,73.77],[87.13,73.79]]],[[[86.77,73.98],[86.64,74.0],[86.56,73.96],[86.97,73.93],[86.77,73.98]]],[[[82.68,74.05],[82.83,74.09],[82.44,74.1],[82.49,74.06],[82.68,74.05]]],[[[86.7,74.11],[86.58,74.12],[86.63,74.08],[86.78,74.09],[86.7,74.11]]],[[[86.54,74.12],[86.53,74.12],[86.48,74.12],[86.54,74.12]]],[[[86.37,74.09],[86.41,74.08],[86.42,74.09],[86.37,74.09]]],[[[82.94,74.08],[83.63,74.09],[83.27,74.14],[83.11,74.12],[82.94,74.08]]],[[[86.65,74.03],[86.67,74.04],[86.5,74.03],[86.68,74.02],[86.65,74.03]]],[[[84.93,74.3],[85.01,74.3],[84.98,74.3],[84.93,74.3]]],[[[85.12,74.32],[85.05,74.3],[85.17,74.3],[85.22,74.31],[85.29,74.3],[85.25,74.32],[85.12,74.32]]],[[[85.15,74.38],[85.15,74.37],[85.27,74.37],[85.15,74.38],[85.15,74.38]]],[[[85.22,74.35],[85.18,74.35],[85.16,74.35],[85.27,74.35],[85.22,74.35]]],[[[85.54,74.13],[85.77,74.18],[85.29,74.2],[85.6,74.15],[85.44,74.14],[85.54,74.13]]],[[[85.49,74.41],[85.61,74.42],[85.19,74.42],[85.39,74.4],[85.49,74.41]]],[[[79.52,74.53],[79.62,74.57],[79.34,74.64],[79.21,74.57],[79.56,74.51],[79.52,74.53]]],[[[85.03,74.53],[85.05,74.55],[84.98,74.53],[85.03,74.53]]],[[[85.68,74.55],[85.72,74.56],[85.63,74.56],[85.68,74.55]]],[[[84.88,74.53],[85.13,74.57],[84.96,74.59],[84.81,74.54],[84.88,74.53]]],[[[84.24,74.46],[84.35,74.44],[84.3,74.45],[84.24,74.46]]],[[[84.76,74.41],[84.83,74.41],[84.58,74.46],[84.98,74.5],[84.62,74.5],[84.44,74.46],[84.6,74.42],[84.76,74.41]]],[[[85.47,74.58],[85.16,74.52],[85.37,74.45],[85.67,74.54],[85.47,74.58]]],[[[86.18,74.61],[85.8,74.58],[85.66,74.48],[86.18,74.49],[86.26,74.52],[86.04,74.58],[86.18,74.61],[86.18,74.61]]],[[[85.73,74.65],[85.7,74.67],[85.67,74.66],[85.73,74.65]]],[[[85.6,74.83],[85.64,74.83],[85.69,74.85],[85.64,74.84],[85.6,74.83]]],[[[85.55,74.72],[85.71,74.72],[85.51,74.8],[85.1,74.75],[85.36,74.75],[85.55,74.72]]],[[[85.24,74.8],[85.3,74.8],[85.32,74.81],[85.24,74.8]]],[[[81.73,75.2],[82.1,75.08],[82.15,75.07],[82.14,75.12],[81.73,75.2]]],[[[85.12,74.85],[85.23,74.86],[85.21,74.87],[85.12,74.85]]],[[[86.67,74.75],[86.63,74.78],[86.81,74.8],[86.58,74.83],[86.97,74.81],[86.81,74.85],[87.18,74.95],[86.52,74.98],[86.66,74.9],[86.23,74.89],[86.55,74.85],[86.46,74.79],[86.67,74.75]]],[[[85.66,74.88],[85.59,74.89],[85.51,74.87],[85.68,74.87],[85.66,74.88]]],[[[86.35,74.95],[86.38,74.95],[86.3,74.96],[86.32,74.94],[86.35,74.95]]],[[[88.03,75.63],[88.03,75.64],[87.89,75.63],[87.91,75.63],[88.03,75.63]]],[[[92.75,75.8],[92.83,75.81],[92.79,75.81],[92.75,75.8]]],[[[92.81,75.83],[92.99,75.84],[92.85,75.87],[92.65,75.82],[92.81,75.83]]],[[[93.36,75.85],[93.42,75.87],[93.31,75.85],[93.36,75.85]]],[[[86.2,75.28],[86.27,75.28],[86.35,75.29],[86.22,75.29],[86.2,75.28]]],[[[84.21,74.65],[84.24,74.63],[84.29,74.65],[84.24,74.66],[84.21,74.65]]],[[[92.64,75.97],[92.69,76.0],[92.58,76.0],[92.57,75.97],[92.64,75.97]]],[[[96.45,76.08],[96.48,76.07],[96.51,76.08],[96.45,76.08]]],[[[93.84,76.17],[93.9,76.17],[93.91,76.18],[93.84,76.17]]],[[[94.69,76.27],[94.75,76.27],[94.79,76.28],[94.69,76.27]]],[[[99.36,76.22],[99.47,76.21],[99.49,76.22],[99.41,76.23],[99.36,76.22]]],[[[95.19,76.15],[95.27,76.16],[95.01,76.17],[95.12,76.15],[95.19,76.15]]],[[[94.92,76.19],[94.88,76.24],[95.09,76.28],[94.45,76.2],[94.91,76.18],[94.92,76.19]]],[[[91.87,76.05],[91.71,76.06],[91.86,76.04],[91.93,76.05],[91.87,76.05]]],[[[96.87,76.39],[96.81,76.39],[96.89,76.37],[96.87,76.39]]],[[[113.15,76.46],[113.1,76.47],[113.15,76.44],[113.15,76.46]]],[[[95.13,76.4],[95.21,76.39],[95.2,76.4],[95.13,76.4]]],[[[94.84,76.41],[94.99,76.4],[95.15,76.45],[94.97,76.41],[94.84,76.41]]],[[[95.22,76.46],[95.45,76.43],[95.43,76.46],[95.28,76.48],[95.22,76.46]]],[[[111.8,76.6],[111.89,76.62],[111.86,76.63],[111.74,76.61],[111.8,76.6]]],[[[96.45,76.56],[96.46,76.55],[96.51,76.57],[96.45,76.56]]],[[[95.34,76.51],[95.36,76.5],[95.47,76.54],[95.43,76.55],[95.34,76.51]]],[[[96.05,76.54],[96.08,76.55],[96.0,76.53],[96.05,76.54]]],[[[95.63,76.52],[95.64,76.54],[95.56,76.53],[95.58,76.52],[95.63,76.52]]],[[[96.68,76.31],[96.77,76.33],[96.36,76.33],[96.54,76.33],[96.68,76.31]]],[[[96.09,76.33],[96.13,76.32],[96.25,76.34],[96.1,76.34],[96.09,76.33]]],[[[97.06,76.23],[96.99,76.26],[97.12,76.29],[97.08,76.32],[96.86,76.35],[96.94,76.31],[96.68,76.18],[96.76,76.17],[97.06,76.23]]],[[[94.55,76.35],[94.59,76.34],[94.63,76.35],[94.61,76.35],[94.55,76.35]]],[[[95.07,76.37],[95.08,76.36],[95.11,76.36],[95.09,76.38],[95.07,76.37]]],[[[113.4,76.37],[113.26,76.43],[113.16,76.37],[113.48,76.35],[113.4,76.37]]],[[[92.13,75.9],[92.24,75.91],[92.23,75.93],[92.16,75.92],[92.13,75.9]]],[[[93.73,78.19],[93.65,78.17],[93.82,78.15],[93.79,78.18],[93.73,78.19]]],[[[106.59,78.32],[106.15,78.24],[106.15,78.2],[106.82,78.27],[106.59,78.32]]],[[[106.86,78.26],[106.84,78.31],[106.78,78.32],[106.83,78.27],[106.86,78.26]]],[[[106.71,78.35],[106.66,78.36],[106.65,78.35],[106.71,78.35]]],[[[98.82,78.55],[98.83,78.56],[98.75,78.56],[98.76,78.55],[98.82,78.55]]],[[[98.75,78.59],[98.79,78.6],[98.82,78.63],[98.71,78.61],[98.75,78.59]]],[[[98.8,78.48],[98.81,78.49],[98.74,78.48],[98.8,78.48]]],[[[104.37,79.04],[104.17,79.03],[104.14,79.02],[104.26,79.02],[104.37,79.04]]],[[[103.37,79.21],[103.33,79.19],[103.28,79.2],[103.43,79.17],[103.37,79.21]]],[[[103.44,79.12],[103.41,79.14],[103.41,79.12],[103.44,79.12]]],[[[103.37,79.13],[103.38,79.14],[103.33,79.14],[103.37,79.13]]],[[[77.34,79.52],[76.13,79.63],[76.32,79.53],[76.79,79.46],[77.62,79.49],[77.34,79.52]]],[[[91.21,79.5],[91.06,79.52],[91.03,79.52],[91.16,79.49],[91.21,79.5]]],[[[91.41,79.5],[90.94,79.56],[90.64,79.55],[91.45,79.49],[91.41,79.5]]],[[[100.17,79.56],[100.19,79.57],[100.12,79.57],[100.17,79.56]]],[[[100.22,79.7],[100.08,79.71],[100.0,79.6],[100.39,79.66],[100.22,79.7]]],[[[91.65,79.43],[91.85,79.42],[91.47,79.48],[91.65,79.43]]],[[[97.89,79.84],[97.87,79.85],[97.82,79.85],[97.89,79.84]]],[[[94.35,79.92],[94.39,79.93],[94.33,79.93],[94.35,79.92]]],[[[94.57,79.98],[94.56,79.99],[94.52,79.98],[94.57,79.98]]],[[[92.81,79.04],[92.38,79.1],[92.3,79.1],[92.86,79.03],[92.81,79.04]]],[[[97.93,78.75],[97.89,78.77],[97.85,78.75],[97.93,78.75]]],[[[98.71,78.77],[98.63,78.78],[98.57,78.76],[98.68,78.76],[98.71,78.77]]],[[[96.83,78.95],[96.88,78.95],[96.86,78.96],[96.83,78.95]]],[[[99.85,79.23],[99.81,79.24],[99.78,79.23],[99.88,79.21],[99.85,79.23]]],[[[92.81,79.42],[92.74,79.41],[93.09,79.4],[92.93,79.43],[92.81,79.42]]],[[[100.09,79.43],[100.03,79.43],[100.01,79.39],[100.16,79.43],[100.09,79.43]]],[[[92.53,79.43],[92.8,79.43],[92.52,79.44],[91.87,79.42],[92.37,79.38],[92.53,79.43]]],[[[92.81,80.48],[92.83,80.5],[92.68,80.47],[92.71,80.46],[92.81,80.48]]],[[[97.49,80.24],[97.49,80.26],[97.44,80.24],[97.49,80.24]]],[[[78.75,80.82],[79.95,80.88],[79.25,80.96],[78.62,80.84],[78.75,80.82]]],[[[93.34,81.07],[93.31,81.07],[93.2,81.07],[93.24,81.06],[93.34,81.07]]],[[[91.41,81.18],[90.25,81.17],[90.09,81.1],[91.1,81.02],[91.73,81.1],[91.41,81.18]]],[[[98.05,80.07],[98.09,80.08],[97.99,80.1],[98.0,80.08],[98.05,80.07]]],[[[91.41,79.69],[91.78,79.64],[93.15,79.7],[93.91,79.91],[93.02,80.02],[91.01,80.05],[91.37,79.99],[91.26,79.95],[91.46,79.91],[91.23,79.86],[91.3,79.83],[92.42,79.74],[91.29,79.72],[91.41,79.69]]],[[[94.22,79.98],[94.4,80.02],[93.99,79.97],[94.12,79.97],[94.22,79.98]]],[[[92.81,80.02],[92.83,80.03],[92.62,80.02],[92.67,80.02],[92.81,80.02]]],[[[99.85,79.09],[99.23,79.28],[99.84,79.26],[99.83,79.43],[99.94,79.49],[99.8,79.54],[100.0,79.69],[99.9,79.74],[100.17,79.77],[99.62,79.93],[99.67,79.97],[99.22,80.01],[99.31,80.05],[98.57,80.04],[98.5,80.02],[98.6,79.97],[98.53,79.87],[98.43,79.87],[98.53,79.93],[98.47,79.95],[98.16,79.9],[98.29,79.81],[97.23,79.66],[97.21,79.58],[97.17,79.61],[97.23,79.69],[97.75,79.79],[96.51,79.71],[97.99,79.89],[98.03,79.93],[97.93,80.0],[98.12,80.05],[97.7,80.15],[95.52,80.09],[95.32,80.01],[94.99,80.09],[94.79,80.03],[94.81,79.96],[94.39,79.97],[94.47,79.93],[94.36,79.9],[94.75,79.8],[94.63,79.78],[94.69,79.77],[94.12,79.76],[93.38,79.54],[92.98,79.57],[93.4,79.52],[93.21,79.47],[93.33,79.44],[93.96,79.63],[93.96,79.6],[93.73,79.55],[94.04,79.5],[93.81,79.47],[93.91,79.45],[93.87,79.42],[94.44,79.46],[94.39,79.41],[94.48,79.27],[94.39,79.24],[94.74,79.17],[94.69,79.11],[94.89,79.04],[95.65,79.08],[95.78,79.04],[95.75,78.98],[96.89,78.99],[97.68,78.8],[99.58,78.8],[100.06,78.94],[99.95,79.01],[99.98,79.06],[99.85,79.09]]],[[[96.06,80.11],[96.12,80.13],[95.99,80.11],[96.06,80.11]]],[[[92.81,80.16],[92.99,80.13],[92.2,80.13],[93.74,79.99],[94.59,80.13],[97.31,80.22],[97.48,80.28],[97.27,80.32],[97.26,80.42],[97.14,80.48],[97.24,80.61],[96.76,80.71],[97.44,80.6],[98.03,80.66],[97.86,80.7],[97.98,80.73],[97.82,80.75],[97.89,80.78],[96.88,80.89],[96.27,81.12],[95.91,81.15],[96.01,81.2],[95.9,81.25],[95.19,81.23],[95.65,81.18],[93.21,80.93],[93.3,80.85],[92.6,80.72],[93.39,80.75],[92.97,80.61],[92.9,80.47],[92.0,80.4],[92.78,80.32],[92.1,80.34],[92.19,80.31],[91.48,80.24],[93.01,80.28],[93.42,80.23],[92.17,80.24],[92.81,80.16]]],[[[106.98,78.16],[106.44,78.12],[107.58,78.07],[107.55,78.03],[107.76,78.12],[107.5,78.18],[106.98,78.16]]],[[[99.85,77.94],[101.27,78.17],[102.55,78.2],[102.91,78.13],[103.05,78.21],[104.82,78.29],[105.41,78.49],[105.45,78.57],[105.28,78.79],[104.95,78.85],[104.66,78.76],[104.73,78.79],[104.55,78.85],[104.76,78.86],[104.54,78.88],[104.45,78.98],[104.06,79.0],[103.96,79.07],[104.03,79.13],[103.84,79.18],[102.96,79.05],[102.7,78.89],[102.73,78.84],[102.39,78.8],[102.69,78.93],[102.72,79.06],[102.87,79.2],[103.16,79.31],[102.3,79.41],[102.21,79.35],[102.31,79.21],[102.0,79.24],[101.88,79.36],[101.61,79.32],[101.7,79.23],[101.36,79.22],[101.24,79.13],[101.54,79.12],[101.07,79.05],[101.49,78.98],[101.02,79.01],[100.82,78.85],[101.21,78.76],[100.63,78.78],[100.36,78.66],[100.42,78.58],[100.05,78.41],[100.13,78.34],[99.39,78.01],[99.56,77.92],[99.85,77.94]]],[[[110.92,73.7],[109.77,73.43],[109.24,73.55],[109.21,73.49],[109.46,73.43],[109.26,73.47],[109.3,73.39],[108.2,73.26],[108.41,73.24],[108.36,73.21],[106.89,73.13],[106.35,73.19],[106.22,73.13],[106.24,72.95],[106.52,72.91],[106.06,72.94],[105.54,72.75],[105.15,72.76],[105.19,72.69],[104.42,72.61],[104.78,72.75],[105.81,72.88],[105.86,72.94],[105.81,72.97],[105.92,73.01],[105.91,73.11],[106.06,73.14],[106.13,73.27],[106.8,73.32],[106.95,73.46],[107.34,73.61],[108.23,73.67],[109.04,74.03],[109.87,74.19],[109.95,74.26],[109.9,74.33],[110.4,74.43],[110.4,74.5],[111.01,74.54],[111.45,74.68],[111.8,74.65],[112.13,74.87],[112.84,74.96],[113.58,75.24],[113.71,75.37],[113.53,75.39],[113.74,75.41],[113.74,75.48],[113.38,75.52],[113.26,75.66],[113.0,75.61],[113.02,75.55],[112.8,75.55],[112.88,75.64],[112.77,75.68],[112.89,75.71],[112.42,75.84],[113.61,75.64],[113.44,75.54],[113.73,75.61],[113.92,75.84],[113.73,75.96],[113.52,75.93],[113.59,75.95],[113.48,76.15],[113.22,76.27],[112.95,76.24],[113.2,76.17],[112.99,76.11],[113.05,76.09],[112.77,76.06],[112.88,76.13],[112.55,76.22],[112.73,76.2],[112.73,76.29],[112.81,76.32],[112.63,76.36],[112.73,76.43],[112.59,76.46],[112.74,76.5],[112.52,76.51],[112.6,76.54],[112.45,76.63],[112.0,76.6],[112.43,76.45],[112.06,76.36],[112.0,76.36],[112.24,76.44],[111.56,76.6],[111.7,76.67],[111.22,76.68],[111.14,76.7],[111.24,76.74],[111.13,76.77],[109.95,76.69],[109.43,76.75],[108.0,76.73],[107.99,76.57],[107.73,76.5],[106.86,76.46],[106.45,76.51],[106.42,76.58],[106.75,76.58],[106.85,76.68],[106.78,76.72],[107.53,76.91],[107.25,76.99],[107.32,77.01],[106.87,77.05],[105.46,77.01],[105.81,77.03],[105.77,77.05],[105.95,77.13],[104.26,77.08],[105.58,77.22],[105.84,77.36],[106.31,77.37],[106.03,77.41],[105.9,77.55],[105.35,77.54],[104.26,77.72],[103.75,77.61],[102.98,77.57],[103.04,77.55],[101.39,77.11],[101.28,77.05],[101.36,77.04],[101.3,76.92],[101.06,76.96],[100.93,76.86],[101.08,76.75],[101.44,76.68],[101.18,76.68],[101.09,76.54],[100.44,76.45],[98.86,76.47],[99.1,76.33],[99.61,76.25],[99.86,76.06],[99.61,76.15],[99.19,76.14],[99.39,76.18],[99.33,76.2],[98.78,76.21],[98.87,76.26],[98.8,76.25],[97.96,76.11],[98.27,76.09],[98.2,76.07],[97.56,76.04],[97.85,75.97],[97.18,75.93],[97.27,75.95],[97.18,75.99],[97.4,76.02],[97.21,76.01],[97.35,76.1],[96.73,75.99],[97.18,76.0],[96.85,75.9],[96.5,75.88],[96.71,75.97],[96.44,76.01],[95.74,75.83],[95.62,75.87],[96.28,76.1],[95.83,76.14],[96.29,76.15],[96.36,76.1],[96.48,76.17],[96.31,76.22],[96.5,76.21],[96.4,76.26],[96.57,76.22],[96.55,76.14],[96.71,76.26],[96.38,76.31],[96.16,76.23],[96.17,76.29],[95.89,76.32],[95.59,76.24],[95.35,76.28],[95.36,76.22],[95.79,76.15],[95.05,76.1],[94.63,76.16],[94.55,76.15],[94.79,76.12],[94.51,76.07],[94.43,76.13],[93.73,76.12],[94.02,76.05],[93.51,76.01],[93.37,76.06],[93.51,76.1],[93.28,76.12],[93.19,76.09],[93.33,76.07],[93.21,76.02],[92.93,76.05],[92.99,75.99],[92.84,75.97],[92.94,75.92],[92.87,75.89],[93.17,75.9],[93.03,75.93],[93.28,75.98],[93.47,75.87],[93.58,75.94],[93.69,75.88],[94.04,75.91],[92.06,75.7],[91.69,75.73],[91.68,75.63],[90.19,75.6],[89.68,75.48],[89.76,75.43],[89.41,75.43],[89.47,75.45],[89.31,75.48],[89.52,75.48],[89.3,75.51],[88.74,75.4],[88.86,75.38],[88.11,75.17],[88.33,75.15],[88.03,75.11],[86.98,75.13],[86.9,75.08],[87.75,74.99],[87.56,74.93],[87.4,75.0],[87.18,74.98],[87.38,74.95],[87.05,74.83],[87.03,74.77],[87.12,74.77],[87.03,74.72],[86.74,74.7],[86.96,74.68],[86.89,74.62],[86.71,74.62],[86.74,74.66],[86.51,74.73],[86.36,74.7],[86.26,74.75],[86.41,74.78],[85.89,74.87],[85.74,74.81],[86.17,74.78],[85.73,74.65],[86.18,74.61],[86.18,74.61],[86.76,74.56],[86.57,74.51],[87.14,74.39],[87.04,74.39],[87.09,74.3],[87.0,74.28],[87.0,74.36],[86.87,74.35],[86.98,74.41],[86.65,74.41],[86.72,74.43],[86.44,74.48],[86.07,74.43],[86.29,74.4],[86.31,74.34],[86.13,74.4],[85.91,74.34],[86.73,74.23],[86.8,74.17],[86.72,74.13],[86.88,74.11],[86.83,74.08],[87.18,74.05],[86.71,74.04],[86.77,73.98],[87.09,73.97],[87.45,73.79],[87.13,73.61],[86.19,73.56],[85.88,73.47],[85.97,73.41],[85.88,73.35],[86.6,73.16],[85.91,73.3],[85.7,73.4],[85.82,73.4],[85.85,73.49],[86.52,73.66],[86.79,73.66],[86.45,73.59],[86.82,73.61],[86.93,73.71],[86.78,73.71],[87.03,73.74],[87.14,73.85],[86.55,73.88],[85.64,73.81],[85.39,73.7],[84.76,73.75],[80.15,73.52],[80.71,73.47],[80.35,73.29],[80.7,73.19],[80.34,73.16],[80.62,73.13],[80.51,73.08],[80.82,73.03],[80.88,72.94],[80.84,72.8],[80.69,72.69],[80.88,72.61],[80.77,72.51],[80.9,72.42],[82.25,72.26],[82.37,72.19],[82.27,72.1],[82.54,72.02],[82.68,71.88],[83.2,71.87],[83.41,71.82],[83.44,71.74],[81.67,71.69],[80.85,71.98],[80.82,72.07],[79.49,72.35],[78.5,72.37],[78.42,72.33],[78.61,72.29],[78.66,72.22],[78.55,72.2],[78.63,72.17],[79.07,72.06],[79.72,72.05],[80.38,71.88],[80.07,71.82],[80.17,71.68],[79.98,71.61],[79.31,71.59],[79.37,71.53],[79.31,71.45],[79.13,71.39],[80.0,71.12],[80.59,71.04],[80.64,70.83],[80.71,70.81],[80.65,70.69],[80.82,70.63],[80.65,70.48],[80.89,70.44],[80.83,70.38],[80.62,70.45],[80.22,70.44],[79.92,70.27],[79.75,70.28],[79.79,70.23],[79.67,70.23],[79.55,70.12],[79.32,70.14],[79.37,70.05],[79.22,70.06],[79.12,70.0],[79.16,69.95],[78.88,69.88],[79.17,69.74],[79.04,69.7],[79.47,69.66],[79.62,69.46],[79.84,69.36],[80.7,69.32],[80.95,69.2],[81.59,69.27],[81.71,69.45],[81.96,69.35],[81.81,69.25],[81.85,69.2],[82.47,69.15],[82.46,69.08],[82.32,69.05],[82.49,68.97],[82.57,68.82],[82.87,68.67],[82.63,68.58],[82.69,68.33],[82.56,68.26],[82.55,68.17],[82.34,68.11],[82.36,67.94],[81.77,67.95],[81.73,67.89],[82.1,67.72],[82.03,67.64],[82.12,67.6],[82.38,67.55],[82.39,67.47],[82.23,67.41],[82.37,67.32],[82.12,67.23],[83.14,66.83],[83.33,66.66],[83.09,66.59],[83.08,66.46],[83.54,66.19],[83.27,66.05],[83.55,65.9],[83.47,65.81],[84.0,65.79],[84.29,65.69],[84.17,65.58],[84.51,65.48],[84.56,65.27],[84.29,65.1],[84.39,65.05],[84.27,64.94],[84.92,64.95],[85.03,64.91],[84.95,64.83],[85.13,64.83],[85.13,64.76],[85.53,64.85],[85.83,64.78],[85.91,64.57],[85.81,64.5],[86.01,64.27],[85.97,64.05],[85.51,63.93],[85.33,63.8],[85.38,63.77],[85.3,63.65],[85.02,63.58],[85.35,63.49],[85.46,63.35],[85.69,63.37],[85.5,63.18],[85.62,63.03],[85.5,62.97],[85.52,62.9],[85.21,62.8],[85.09,62.63],[84.94,62.59],[84.94,62.48],[84.44,62.2],[84.52,61.93],[84.68,61.81],[85.84,61.59],[85.98,61.48],[85.64,61.37],[85.7,61.28],[84.26,60.86],[84.79,60.35],[84.62,60.17],[84.57,59.98],[84.68,59.9],[86.64,59.95],[87.08,59.88],[87.17,59.68],[87.52,59.66],[87.9,59.26],[88.63,59.3],[88.58,59.21],[88.83,59.02],[88.38,58.89],[87.93,58.51],[88.02,58.21],[88.11,58.11],[88.86,57.95],[89.3,57.95],[89.37,57.87],[89.35,57.62],[89.13,57.62],[89.1,57.52],[89.16,57.49],[89.06,57.46],[88.87,57.48],[88.74,57.21],[88.51,57.13],[88.71,57.09],[88.6,56.8],[88.65,56.82],[88.62,56.72],[88.74,56.71],[88.66,56.62],[88.5,56.62],[88.61,56.53],[88.6,56.43],[89.04,56.3],[89.04,56.2],[89.28,56.05],[89.28,55.89],[89.4,55.87],[89.35,55.77],[88.91,55.66],[88.6,55.43],[89.01,55.32],[89.01,55.23],[89.12,55.18],[89.06,55.12],[89.42,55.01],[89.56,55.09],[89.66,55.07],[89.61,55.03],[89.66,55.0],[90.13,55.15],[90.5,55.06],[90.51,54.9],[90.95,54.85],[90.92,54.65],[91.26,54.51],[91.31,54.33],[91.57,54.09],[91.43,53.86],[91.46,53.77],[91.57,53.71],[91.63,53.53],[91.86,53.46],[91.93,53.35],[91.74,53.18],[91.45,53.14],[91.48,52.89],[91.26,52.64],[90.9,52.6],[90.49,52.2],[90.75,52.07],[90.85,51.9],[91.07,51.95],[91.26,51.88],[91.8,51.89],[92.08,51.77],[92.87,51.84],[93.34,52.13],[93.68,52.21],[93.77,52.45],[94.1,52.69],[94.14,52.83],[94.52,52.91],[94.6,53.17],[94.72,53.24],[94.62,53.33],[95.04,53.37],[95.21,53.47],[95.41,53.37],[95.73,53.52],[96.11,53.45],[96.23,53.52],[96.24,53.62],[96.44,53.51],[96.66,53.56],[96.69,53.65],[96.48,53.69],[96.06,54.0],[96.07,54.08],[95.65,54.3],[95.71,54.41],[95.9,54.39],[96.07,54.57],[96.54,54.53],[96.72,54.9],[96.59,55.03],[96.68,55.08],[96.66,55.23],[96.94,55.32],[96.85,55.43],[96.85,55.6],[96.75,55.66],[96.82,55.69],[96.75,55.73],[96.79,55.79],[96.99,55.85],[96.99,56.0],[97.13,56.11],[97.36,56.03],[97.41,56.16],[97.57,56.19],[97.56,56.38],[97.88,56.38],[97.88,56.53],[97.74,56.55],[97.79,56.8],[97.47,56.82],[97.67,56.97],[97.34,57.03],[97.95,57.83],[98.75,57.8],[98.98,57.72],[99.43,57.79],[99.68,58.08],[100.0,58.08],[100.09,58.07],[100.14,57.86],[100.38,57.74],[100.32,57.68],[100.4,57.55],[100.76,57.4],[100.97,57.48],[100.81,57.64],[100.91,57.77],[100.82,57.88],[101.02,57.88],[101.17,58.04],[101.11,58.1],[101.55,58.25],[101.7,58.41],[102.21,58.53],[102.52,58.71],[102.56,58.91],[102.45,58.94],[102.43,59.15],[102.83,59.19],[103.02,59.32],[103.35,59.27],[103.22,59.24],[103.23,59.18],[103.63,58.92],[103.95,58.9],[103.96,58.77],[103.89,58.74],[104.21,58.79],[104.47,58.61],[104.81,58.67],[104.89,58.74],[104.77,58.84],[105.37,59.12],[105.18,59.29],[105.23,59.44],[104.97,59.47],[104.76,59.68],[105.03,59.78],[104.98,59.85],[105.07,59.88],[105.51,59.84],[105.41,59.95],[105.5,60.0],[105.42,60.15],[105.51,60.23],[104.9,60.3],[104.66,60.41],[104.64,60.52],[104.5,60.62],[104.61,60.72],[104.47,60.85],[104.63,60.91],[104.63,61.08],[104.86,61.19],[105.04,61.18],[104.95,61.32],[104.78,61.35],[105.28,61.42],[105.36,61.54],[105.98,61.69],[105.9,61.84],[106.4,62.04],[106.47,62.26],[106.35,62.28],[106.48,62.34],[106.43,62.4],[106.76,62.5],[106.67,62.56],[106.77,62.64],[106.47,62.7],[106.51,62.79],[106.19,62.92],[106.12,63.09],[106.4,63.13],[106.44,63.22],[106.34,63.24],[106.41,63.35],[106.62,63.32],[106.74,63.4],[106.47,63.54],[106.6,63.56],[106.69,63.67],[106.6,63.72],[106.79,63.88],[106.62,64.01],[107.57,63.9],[107.77,64.02],[108.38,64.05],[108.25,64.25],[108.09,64.25],[107.97,64.18],[107.64,64.31],[107.37,64.26],[106.92,64.44],[106.74,64.42],[106.58,64.54],[106.56,64.46],[106.14,64.42],[106.02,64.54],[105.77,64.48],[105.71,64.58],[105.69,64.68],[105.87,64.68],[105.85,64.83],[105.99,64.83],[105.91,64.9],[106.21,64.87],[105.95,65.04],[106.53,65.22],[106.43,65.25],[106.44,65.32],[106.82,65.38],[106.97,65.51],[106.42,65.67],[106.52,66.0],[106.34,66.15],[106.11,66.2],[106.11,66.36],[106.33,66.48],[106.24,66.56],[106.26,66.68],[106.15,66.73],[106.21,66.8],[106.03,66.79],[106.08,66.9],[105.51,67.01],[105.96,67.05],[106.08,67.17],[106.56,67.29],[106.71,67.26],[106.82,67.33],[106.9,68.86],[106.14,69.41],[106.49,69.58],[106.86,69.52],[107.95,69.67],[108.02,69.79],[108.25,69.85],[109.3,69.77],[109.39,69.82],[109.4,69.96],[109.54,70.01],[109.37,70.07],[109.31,70.21],[109.58,70.25],[109.56,70.35],[109.64,70.37],[110.31,70.41],[110.11,70.48],[110.12,70.64],[110.62,70.78],[112.6,71.11],[112.52,71.18],[112.73,71.25],[112.0,71.4],[112.0,72.12],[111.59,72.21],[111.67,72.26],[111.57,72.32],[111.01,72.39],[111.3,72.51],[110.91,72.57],[110.91,72.63],[110.72,72.68],[110.66,72.79],[110.73,72.83],[110.63,72.88],[110.89,72.93],[110.66,72.95],[110.86,73.06],[110.75,73.1],[110.85,73.16],[110.38,73.15],[110.35,73.2],[110.62,73.27],[110.12,73.4],[110.63,73.43],[110.81,73.55],[111.29,73.62],[110.92,73.7]]],[[[94.43,76.64],[94.33,76.62],[94.47,76.6],[94.78,76.64],[94.55,76.62],[94.43,76.64]]],[[[94.41,76.54],[94.43,76.55],[93.94,76.57],[94.14,76.54],[94.41,76.54]]],[[[95.5,76.57],[95.54,76.56],[95.58,76.57],[95.52,76.58],[95.5,76.57]]],[[[95.01,76.56],[95.1,76.57],[95.05,76.58],[95.01,76.56]]],[[[96.21,76.59],[96.16,76.53],[96.46,76.67],[96.19,76.69],[95.89,76.59],[96.02,76.61],[96.21,76.59]]],[[[95.63,76.62],[95.84,76.64],[95.85,76.67],[95.42,76.66],[95.63,76.62]]],[[[95.29,76.97],[96.03,76.99],[95.72,76.91],[95.94,76.91],[95.89,76.94],[96.23,76.97],[96.58,77.12],[96.42,77.17],[95.29,76.97]]],[[[100.16,77.15],[100.17,77.16],[100.11,77.15],[100.16,77.15]]],[[[102.16,77.37],[102.07,77.36],[102.25,77.38],[102.16,77.37]]],[[[107.7,77.27],[107.74,77.32],[107.43,77.34],[107.3,77.27],[107.49,77.26],[107.22,77.22],[107.46,77.21],[107.73,77.26],[107.7,77.27]]],[[[107.6,77.34],[107.67,77.35],[107.63,77.36],[107.6,77.34]]],[[[106.88,77.41],[106.95,77.44],[106.76,77.46],[106.53,77.37],[106.7,77.36],[106.88,77.41]]],[[[97.51,76.84],[97.45,76.86],[97.31,76.83],[97.34,76.82],[97.51,76.84]]],[[[95.81,76.87],[95.75,76.87],[95.7,76.86],[95.87,76.87],[95.81,76.87]]],[[[96.9,76.84],[96.91,76.86],[96.74,76.86],[96.87,76.83],[96.9,76.84]]],[[[96.27,76.87],[96.36,76.89],[95.86,76.88],[96.1,76.86],[96.27,76.87]]],[[[94.43,76.64],[94.52,76.65],[94.56,76.68],[94.45,76.69],[94.43,76.64]]],[[[94.83,76.63],[94.87,76.6],[95.41,76.63],[95.15,76.69],[94.83,76.63]]],[[[97.47,76.63],[97.56,76.64],[97.46,76.71],[97.65,76.77],[97.16,76.75],[97.44,76.74],[97.31,76.67],[97.46,76.65],[97.33,76.58],[97.63,76.59],[97.47,76.63]]],[[[94.74,76.69],[94.72,76.68],[94.83,76.69],[94.8,76.7],[94.74,76.69]]],[[[96.07,76.69],[95.98,76.72],[95.9,76.66],[96.04,76.67],[96.07,76.69]]],[[[95.82,76.7],[95.84,76.72],[95.67,76.7],[95.83,76.68],[95.82,76.7]]],[[[94.56,76.69],[94.56,76.71],[94.41,76.73],[94.48,76.69],[94.56,76.69]]],[[[98.0,76.71],[98.06,76.71],[98.06,76.73],[98.0,76.71]]],[[[95.47,76.69],[95.52,76.7],[95.41,76.71],[95.45,76.68],[95.47,76.69]]],[[[94.81,76.74],[94.83,76.72],[94.92,76.73],[94.81,76.74]]],[[[110.72,76.77],[110.82,76.77],[110.84,76.79],[110.8,76.79],[110.72,76.77]]],[[[97.51,76.84],[97.88,76.75],[97.94,76.78],[97.92,76.83],[97.51,76.84]]]]}},{"id":"feature_61","type":"Feature","properties":{"name":"Республика Саха (Якутия)"},"geometry":{"type":"MultiPolygon","coordinates":[[[[161.07,69.36],[161.09,69.34],[161.1,69.36],[161.07,69.36]]],[[[161.81,69.49],[161.74,69.51],[161.76,69.48],[161.8,69.48],[161.81,69.49]]],[[[161.16,69.51],[161.22,69.51],[161.18,69.52],[161.16,69.51]]],[[[161.19,69.55],[161.22,69.53],[161.24,69.54],[161.19,69.55]]],[[[161.06,69.65],[160.95,69.68],[160.93,69.66],[160.97,69.67],[161.06,69.65]]],[[[162.46,70.63],[162.5,70.64],[162.24,70.65],[162.34,70.62],[162.46,70.63]]],[[[161.72,69.57],[161.86,69.53],[161.96,69.64],[161.66,69.62],[161.72,69.57]]],[[[161.7,70.67],[161.68,70.69],[161.67,70.66],[161.71,70.66],[161.7,70.67]]],[[[161.7,70.73],[161.69,70.79],[161.5,70.79],[161.5,70.77],[161.7,70.73]]],[[[160.59,70.8],[160.76,70.8],[160.68,70.88],[160.44,70.91],[160.55,70.89],[160.5,70.81],[160.59,70.8]]],[[[161.51,70.9],[161.42,70.92],[161.43,70.89],[161.57,70.88],[161.51,70.9]]],[[[151.03,71.41],[151.09,71.41],[151.09,71.42],[151.03,71.41]]],[[[137.93,71.3],[137.89,71.3],[137.99,71.29],[137.93,71.3]]],[[[137.62,71.32],[137.61,71.3],[137.67,71.32],[137.62,71.32]]],[[[137.51,71.44],[137.56,71.43],[137.57,71.44],[137.53,71.45],[137.51,71.44]]],[[[150.43,71.54],[150.51,71.53],[150.57,71.55],[150.48,71.56],[150.43,71.54]]],[[[139.85,71.47],[139.85,71.47],[139.82,71.46],[139.85,71.47]]],[[[130.02,71.57],[130.0,71.6],[129.98,71.6],[130.02,71.56],[130.02,71.57]]],[[[139.04,71.63],[139.11,71.61],[139.07,71.63],[139.04,71.63]]],[[[136.4,71.63],[136.48,71.63],[136.55,71.64],[136.44,71.63],[136.4,71.63]]],[[[138.03,71.49],[137.98,71.57],[137.78,71.6],[137.02,71.51],[137.18,71.43],[137.61,71.47],[137.75,71.41],[138.03,71.49]]],[[[129.02,71.66],[129.05,71.65],[129.07,71.66],[129.02,71.66]]],[[[138.34,71.68],[138.39,71.68],[138.32,71.68],[138.34,71.68]]],[[[144.99,71.7],[145.02,71.7],[145.05,71.71],[144.99,71.7]]],[[[150.0,71.77],[149.96,71.77],[149.9,71.75],[150.0,71.76],[150.0,71.77]]],[[[132.92,71.89],[133.01,71.9],[133.02,71.9],[132.93,71.91],[132.92,71.89]]],[[[146.05,72.08],[146.08,72.08],[146.09,72.09],[146.04,72.09],[146.05,72.08]]],[[[129.27,72.02],[129.3,72.0],[129.34,72.03],[129.28,72.03],[129.27,72.02]]],[[[129.53,72.37],[129.61,72.36],[129.65,72.37],[129.57,72.4],[129.53,72.37]]],[[[129.54,72.55],[129.56,72.54],[129.6,72.57],[129.54,72.55]]],[[[129.4,72.5],[129.47,72.49],[129.29,72.52],[129.34,72.5],[129.4,72.5]]],[[[129.5,72.69],[129.55,72.73],[129.47,72.76],[129.33,72.72],[129.35,72.71],[129.5,72.69]]],[[[111.12,74.28],[111.21,74.27],[111.21,74.31],[111.08,74.31],[111.12,74.28]]],[[[112.81,74.08],[113.23,74.22],[113.45,74.43],[113.09,74.51],[112.01,74.54],[112.09,74.42],[112.04,74.36],[111.51,74.32],[112.21,74.14],[112.81,74.08]]],[[[115.97,74.32],[116.15,74.35],[116.06,74.37],[115.97,74.32],[115.95,74.29],[116.04,74.28],[115.97,74.32]]],[[[112.97,74.64],[112.99,74.67],[112.92,74.67],[112.94,74.63],[112.97,74.64]]],[[[149.26,74.73],[150.63,74.86],[150.7,75.01],[150.97,75.12],[150.53,75.1],[150.14,75.2],[149.39,75.26],[148.63,75.2],[148.52,75.22],[148.56,75.37],[147.62,75.44],[146.92,75.33],[146.65,75.44],[146.75,75.51],[146.52,75.59],[146.23,75.38],[146.29,75.27],[146.12,75.24],[147.12,75.01],[147.69,74.95],[148.11,74.8],[149.26,74.73]]],[[[135.5,75.44],[135.54,75.37],[135.87,75.38],[136.23,75.62],[135.9,75.71],[135.72,75.87],[135.61,75.67],[135.61,75.51],[135.5,75.44]]],[[[140.57,75.7],[140.62,75.69],[140.62,75.7],[140.57,75.7]]],[[[140.98,75.67],[141.07,75.64],[141.11,75.67],[141.03,75.67],[140.98,75.67]]],[[[140.43,75.66],[140.38,75.67],[140.48,75.79],[139.83,75.87],[140.0,75.95],[139.18,76.09],[139.06,76.2],[138.72,76.19],[138.2,76.1],[138.1,76.0],[137.51,75.95],[137.44,75.88],[137.61,75.79],[137.16,75.73],[137.22,75.65],[136.99,75.59],[137.3,75.47],[137.18,75.43],[137.2,75.38],[136.93,75.34],[136.95,75.26],[137.25,75.11],[137.87,74.94],[138.17,74.76],[139.16,74.63],[139.68,74.85],[139.51,74.87],[139.64,74.96],[140.1,74.81],[139.85,74.8],[139.92,74.79],[140.19,74.8],[140.98,74.89],[141.77,74.95],[141.6,74.95],[141.89,75.0],[142.23,75.0],[142.37,74.92],[141.91,74.93],[142.5,74.8],[142.76,74.84],[142.62,74.83],[142.74,74.89],[143.7,74.95],[142.77,75.07],[142.27,75.31],[142.09,75.54],[142.3,75.64],[142.18,75.66],[142.48,75.69],[142.42,75.74],[143.09,75.68],[143.02,75.58],[142.57,75.46],[142.52,75.34],[142.74,75.3],[142.93,75.14],[143.38,75.05],[144.39,75.05],[144.95,75.27],[144.78,75.37],[144.86,75.43],[145.4,75.5],[143.87,75.83],[142.61,75.86],[141.4,76.17],[141.35,76.15],[141.71,76.0],[141.02,76.0],[140.96,75.93],[141.07,75.77],[140.98,75.74],[141.19,75.63],[140.43,75.66]]],[[[141.36,76.08],[141.36,76.07],[141.4,76.07],[141.36,76.08]]],[[[140.93,76.08],[141.07,76.07],[141.09,76.09],[140.94,76.09],[140.93,76.08]]],[[[110.92,73.7],[111.29,73.62],[110.81,73.55],[110.63,73.43],[110.12,73.4],[110.62,73.27],[110.35,73.2],[110.38,73.15],[110.85,73.16],[110.75,73.1],[110.86,73.06],[110.66,72.95],[110.89,72.93],[110.63,72.88],[110.73,72.83],[110.66,72.79],[110.72,72.68],[110.91,72.63],[110.91,72.57],[111.3,72.51],[111.01,72.39],[111.57,72.32],[111.67,72.26],[111.59,72.21],[112.0,72.12],[112.0,71.4],[112.73,71.25],[112.52,71.18],[112.6,71.11],[110.62,70.78],[110.12,70.64],[110.11,70.48],[110.31,70.41],[109.64,70.37],[109.56,70.35],[109.58,70.25],[109.31,70.21],[109.37,70.07],[109.54,70.01],[109.4,69.96],[109.39,69.82],[109.3,69.77],[108.25,69.85],[108.02,69.79],[107.95,69.67],[106.86,69.52],[106.49,69.58],[106.14,69.41],[106.9,68.86],[106.82,67.33],[106.71,67.26],[106.56,67.29],[106.08,67.17],[105.96,67.05],[105.51,67.01],[106.08,66.9],[106.03,66.79],[106.21,66.8],[106.15,66.73],[106.26,66.68],[106.24,66.56],[106.33,66.48],[106.11,66.36],[106.11,66.2],[106.34,66.15],[106.52,66.0],[106.42,65.67],[106.97,65.51],[106.82,65.38],[106.44,65.32],[106.43,65.25],[106.53,65.22],[105.95,65.04],[106.21,64.87],[105.91,64.9],[105.99,64.83],[105.85,64.83],[105.87,64.68],[105.69,64.68],[105.71,64.58],[105.77,64.48],[106.02,64.54],[106.14,64.42],[106.56,64.46],[106.58,64.54],[106.74,64.42],[106.92,64.44],[107.37,64.26],[107.64,64.31],[107.97,64.18],[108.09,64.25],[108.5,64.31],[108.6,64.19],[108.52,64.13],[108.76,64.02],[108.71,63.93],[108.8,63.87],[108.31,63.85],[108.3,63.72],[108.13,63.66],[108.14,63.6],[109.08,63.58],[109.28,63.37],[109.41,63.37],[109.46,63.11],[109.51,63.11],[109.47,63.02],[109.53,63.01],[109.48,62.97],[109.68,62.84],[109.51,62.79],[109.47,62.69],[109.25,62.58],[109.45,62.42],[109.91,62.44],[109.89,62.37],[109.99,62.31],[109.92,62.26],[109.98,62.16],[109.58,61.91],[109.6,61.75],[109.87,61.55],[109.76,61.33],[110.11,61.28],[110.22,61.17],[110.54,61.16],[110.48,61.0],[110.26,60.84],[110.29,60.7],[110.06,60.68],[110.14,60.6],[109.95,60.5],[109.95,60.42],[109.72,60.23],[109.69,60.08],[109.76,60.03],[109.48,59.77],[109.54,59.67],[109.25,59.47],[109.35,59.43],[109.24,59.33],[109.51,59.31],[109.51,59.19],[109.63,59.16],[109.64,59.06],[109.73,59.09],[109.82,58.99],[110.26,58.99],[110.5,59.06],[110.6,59.14],[110.55,59.18],[110.72,59.28],[111.22,59.2],[111.45,59.29],[111.65,59.22],[111.94,59.28],[112.27,59.53],[112.34,59.43],[112.28,59.3],[112.65,59.31],[112.45,59.15],[112.44,58.92],[112.52,58.89],[112.6,58.99],[112.51,59.06],[112.61,59.11],[112.61,59.05],[112.73,59.05],[112.81,59.13],[113.28,59.16],[113.46,59.27],[113.53,59.35],[113.43,59.4],[113.62,59.52],[113.59,59.59],[114.15,59.75],[114.3,59.89],[114.57,59.99],[114.49,60.03],[114.57,60.13],[115.02,60.24],[115.21,60.49],[115.75,60.55],[116.18,60.39],[116.59,60.38],[116.61,60.3],[116.94,60.2],[116.99,60.05],[117.35,60.02],[117.01,59.92],[117.22,59.87],[117.2,59.68],[117.11,59.61],[117.25,59.51],[117.57,59.48],[117.77,59.57],[117.83,59.45],[117.91,59.45],[118.05,59.64],[118.24,59.65],[118.36,59.53],[118.76,59.43],[118.75,59.35],[118.84,59.32],[118.67,59.19],[118.69,59.06],[118.87,58.99],[118.75,58.93],[118.87,58.82],[118.76,58.63],[119.12,58.52],[119.06,58.36],[119.12,58.24],[119.18,58.05],[119.04,57.75],[119.17,57.72],[119.14,57.56],[119.22,57.51],[119.34,57.62],[119.5,57.6],[119.4,57.43],[119.69,57.18],[119.57,57.08],[119.86,56.9],[120.55,57.04],[121.41,56.99],[121.59,56.85],[121.61,56.74],[122.17,56.75],[122.64,56.48],[122.89,56.6],[123.2,56.44],[123.81,56.42],[124.18,56.2],[124.21,56.08],[124.39,56.05],[124.48,55.89],[124.64,55.94],[124.96,55.84],[125.25,55.91],[125.57,55.74],[125.84,55.8],[126.09,55.71],[126.1,55.59],[126.49,55.57],[126.69,55.67],[126.73,55.6],[126.86,55.61],[126.94,55.69],[127.19,55.72],[127.46,55.58],[127.59,55.59],[127.54,55.66],[127.73,55.73],[127.85,55.66],[128.29,55.7],[128.51,55.54],[128.68,55.57],[128.79,55.49],[129.07,55.51],[129.05,55.7],[129.66,55.79],[130.0,55.71],[130.63,55.76],[130.95,55.71],[130.86,55.91],[131.14,56.29],[131.1,56.41],[131.22,56.52],[131.42,56.45],[131.5,56.56],[131.72,56.47],[131.65,56.54],[131.68,56.68],[131.84,56.77],[131.51,57.02],[131.49,57.11],[131.19,57.17],[131.12,57.25],[131.28,57.34],[131.49,57.26],[131.61,57.31],[131.6,57.43],[131.78,57.54],[131.72,57.58],[132.07,57.68],[131.44,58.18],[131.67,58.21],[131.99,58.05],[132.14,58.08],[131.99,58.16],[132.11,58.28],[132.2,58.25],[132.23,58.39],[132.14,58.52],[132.43,58.51],[132.39,58.56],[132.55,58.66],[132.49,58.8],[132.59,58.89],[132.78,58.89],[132.84,58.99],[132.76,59.03],[132.83,59.12],[133.52,59.31],[133.63,59.23],[134.08,59.26],[134.48,59.14],[134.72,59.22],[134.81,59.14],[135.19,59.11],[135.35,59.34],[135.69,59.51],[136.77,59.34],[137.5,59.56],[137.45,59.65],[137.63,59.75],[137.9,59.74],[138.03,59.82],[138.08,59.75],[138.02,59.67],[138.22,59.65],[138.27,59.71],[138.18,59.84],[138.26,60.07],[138.18,60.21],[138.32,60.33],[138.27,60.48],[138.43,60.7],[138.21,60.86],[138.36,61.01],[138.34,61.11],[138.7,61.21],[138.64,61.28],[138.74,61.34],[138.97,61.32],[139.06,61.43],[139.55,61.47],[139.69,61.66],[139.78,61.64],[139.93,61.8],[139.99,61.98],[140.28,62.04],[140.31,62.34],[140.42,62.42],[140.67,62.42],[140.79,62.53],[141.06,62.49],[141.13,62.4],[141.31,62.42],[141.56,62.16],[141.85,62.08],[141.83,62.02],[142.18,62.07],[142.44,61.87],[142.72,61.97],[142.96,61.9],[143.23,62.12],[143.33,62.03],[143.65,62.02],[143.64,61.86],[143.92,61.99],[144.0,61.89],[143.95,61.75],[144.22,61.73],[144.55,61.85],[144.62,61.91],[144.58,61.97],[144.74,62.05],[144.99,62.16],[144.99,62.24],[145.2,62.28],[145.14,62.48],[145.48,62.54],[145.4,62.6],[145.46,62.71],[145.35,62.75],[145.41,62.87],[145.25,63.16],[145.44,63.38],[145.47,63.53],[145.68,63.67],[145.67,63.77],[145.57,63.81],[146.17,63.93],[146.37,64.19],[147.01,64.13],[147.29,64.02],[147.34,64.11],[147.64,64.18],[147.73,64.12],[147.67,64.01],[148.02,63.94],[148.32,64.22],[148.05,64.41],[148.33,64.53],[148.71,64.4],[149.34,64.38],[149.87,64.56],[150.14,64.47],[150.02,64.35],[150.2,64.23],[150.55,64.17],[150.67,64.19],[150.59,64.3],[150.64,64.34],[151.41,64.33],[151.5,64.43],[151.97,64.49],[152.13,64.36],[152.33,64.37],[152.45,64.39],[152.38,64.53],[152.85,64.7],[152.59,64.81],[152.52,64.92],[152.71,65.21],[153.5,65.35],[153.59,65.4],[153.44,65.49],[153.58,65.69],[153.48,65.75],[153.53,65.81],[153.96,65.87],[154.09,65.85],[154.09,65.78],[154.27,65.81],[154.43,65.99],[154.23,66.05],[154.39,66.18],[154.59,66.22],[154.89,66.11],[155.17,66.18],[155.75,66.16],[156.07,66.05],[156.43,66.04],[156.68,66.19],[157.04,66.01],[156.96,65.96],[157.33,65.89],[157.74,66.1],[158.5,66.09],[158.4,66.22],[158.54,66.34],[158.37,66.43],[158.5,66.46],[158.77,66.73],[158.96,66.76],[158.71,67.04],[157.84,67.29],[157.81,67.35],[157.91,67.42],[157.73,67.52],[157.81,67.67],[158.36,67.72],[158.08,67.88],[158.32,68.06],[158.65,68.13],[159.74,68.18],[159.94,68.26],[160.73,68.25],[161.45,68.38],[162.45,68.28],[162.62,68.44],[162.57,68.48],[162.75,68.58],[162.59,68.78],[162.86,68.83],[162.54,68.98],[162.53,69.11],[162.83,69.18],[162.56,69.29],[162.54,69.37],[162.35,69.41],[162.43,69.45],[162.32,69.59],[162.47,69.65],[161.81,69.49],[161.8,69.48],[161.46,69.35],[161.45,69.25],[161.51,69.26],[161.38,69.2],[161.37,69.38],[161.65,69.43],[161.67,69.55],[161.35,69.61],[161.42,69.55],[161.1,69.45],[161.19,69.3],[161.11,69.33],[161.14,69.13],[161.03,69.11],[161.1,69.3],[160.95,69.44],[161.11,69.57],[161.01,69.59],[161.14,69.63],[160.43,69.67],[160.37,69.64],[160.42,69.56],[160.33,69.64],[160.37,69.68],[159.8,69.78],[159.72,69.9],[159.95,70.08],[159.74,70.12],[159.93,70.11],[160.1,70.25],[160.04,70.35],[159.58,70.69],[158.97,70.86],[157.82,71.02],[156.11,71.08],[152.57,70.81],[151.68,70.97],[152.1,70.99],[151.7,71.27],[151.34,71.38],[150.72,71.3],[150.71,71.36],[150.98,71.43],[150.79,71.47],[150.83,71.44],[150.66,71.37],[150.75,71.48],[150.12,71.5],[150.27,71.55],[150.41,71.57],[150.15,71.57],[150.28,71.59],[149.96,71.67],[148.87,71.69],[149.42,71.88],[149.7,71.75],[150.11,71.87],[149.56,72.15],[148.38,72.32],[147.14,72.31],[146.06,71.77],[145.08,71.65],[144.91,71.76],[145.23,71.83],[145.03,71.94],[145.34,71.86],[145.83,71.93],[145.8,72.03],[145.63,72.09],[145.81,72.22],[145.64,72.24],[145.73,72.25],[145.91,72.2],[145.85,72.2],[145.88,72.15],[146.07,72.21],[145.96,72.08],[146.1,72.11],[146.02,72.13],[146.06,72.16],[146.35,72.12],[146.0,72.05],[145.97,71.87],[146.95,72.31],[145.21,72.26],[144.44,72.16],[144.24,72.23],[144.32,72.28],[144.49,72.23],[144.95,72.43],[145.23,72.43],[145.39,72.34],[146.86,72.34],[144.45,72.63],[141.98,72.72],[140.76,72.88],[140.77,72.79],[141.29,72.59],[140.52,72.47],[140.28,72.53],[140.26,72.51],[140.28,72.5],[140.32,72.49],[139.6,72.49],[139.39,72.39],[139.49,72.37],[139.15,72.25],[139.19,72.18],[139.42,72.15],[140.06,72.26],[140.31,72.17],[139.95,72.16],[139.7,71.95],[139.37,71.96],[139.85,71.86],[139.79,71.84],[139.79,71.68],[140.05,71.47],[139.85,71.47],[139.82,71.46],[139.47,71.49],[139.24,71.4],[139.15,71.58],[138.8,71.64],[139.04,71.63],[138.97,71.7],[138.78,71.67],[139.06,71.77],[138.77,71.82],[138.97,71.84],[138.47,71.89],[138.35,71.84],[138.98,71.76],[138.42,71.68],[138.8,71.66],[138.76,71.63],[138.13,71.6],[138.09,71.47],[137.85,71.38],[138.35,71.27],[138.29,71.24],[137.65,71.25],[137.55,71.28],[137.63,71.36],[137.47,71.35],[137.62,71.4],[137.13,71.42],[136.91,71.53],[136.63,71.49],[136.62,71.54],[136.76,71.57],[136.59,71.61],[135.93,71.65],[134.99,71.51],[134.77,71.44],[134.84,71.37],[134.22,71.37],[133.28,71.55],[132.75,71.8],[132.82,71.83],[132.8,71.92],[133.19,71.95],[133.13,71.97],[133.06,71.97],[132.79,71.95],[132.56,71.87],[132.18,71.56],[131.99,71.26],[132.11,71.22],[131.86,71.17],[131.95,71.15],[131.8,71.12],[131.74,70.96],[131.52,70.8],[131.08,70.71],[130.94,70.77],[130.85,70.97],[130.71,70.85],[130.36,70.9],[130.17,71.07],[129.83,71.09],[129.76,71.21],[129.47,71.3],[129.25,71.6],[128.91,71.6],[128.87,71.65],[128.94,71.69],[129.41,71.76],[129.6,71.71],[129.13,72.0],[129.27,71.81],[128.81,71.75],[128.52,72.01],[128.78,71.9],[128.95,71.95],[128.79,72.0],[129.01,72.0],[128.34,72.08],[127.45,72.42],[126.64,72.39],[126.63,72.51],[127.2,72.58],[127.05,72.52],[127.19,72.51],[126.69,72.46],[127.63,72.44],[127.57,72.41],[128.44,72.2],[128.39,72.17],[128.5,72.17],[128.43,72.1],[128.64,72.06],[129.17,72.04],[129.53,72.13],[129.28,72.12],[129.56,72.22],[129.39,72.25],[129.54,72.31],[129.48,72.38],[129.26,72.41],[129.45,72.42],[129.18,72.47],[129.26,72.49],[128.69,72.49],[128.87,72.53],[129.3,72.55],[129.0,72.57],[129.16,72.58],[129.13,72.62],[129.52,72.63],[129.39,72.69],[129.19,72.7],[129.3,72.71],[129.12,72.72],[129.52,72.82],[129.41,72.87],[128.78,72.92],[129.37,73.0],[129.42,72.99],[129.18,72.94],[129.4,72.9],[129.3,72.93],[129.56,72.94],[129.42,72.99],[129.5,73.03],[129.19,73.12],[128.96,73.09],[128.86,73.15],[128.98,73.2],[128.84,73.23],[128.44,73.24],[128.33,73.27],[128.44,73.27],[128.48,73.35],[127.91,73.5],[127.05,73.52],[126.9,73.5],[127.01,73.49],[126.9,73.39],[126.82,73.41],[126.91,73.45],[126.67,73.39],[126.69,73.46],[126.51,73.39],[126.44,73.51],[126.3,73.55],[126.04,73.49],[125.68,73.47],[125.86,73.49],[125.89,73.51],[125.75,73.52],[125.88,73.65],[125.67,73.56],[125.79,73.49],[125.67,73.48],[125.4,73.58],[125.2,73.53],[125.27,73.61],[125.16,73.63],[125.16,73.7],[125.02,73.63],[125.02,73.7],[124.97,73.65],[124.85,73.69],[124.92,73.72],[124.41,73.77],[124.49,73.8],[124.2,73.77],[124.25,73.73],[124.02,73.65],[124.12,73.73],[124.02,73.71],[124.1,73.8],[123.99,73.81],[123.62,73.74],[123.76,73.7],[123.99,73.72],[123.77,73.68],[123.75,73.61],[123.66,73.63],[123.7,73.7],[123.59,73.69],[123.31,73.53],[123.38,73.4],[123.27,73.4],[123.44,73.37],[123.37,73.34],[123.57,73.26],[123.49,73.24],[123.57,73.2],[123.72,73.19],[123.47,73.16],[123.63,73.1],[123.49,73.11],[123.39,73.05],[123.44,72.97],[123.24,72.9],[122.63,73.05],[122.53,72.99],[122.61,72.97],[122.47,72.96],[122.72,72.92],[122.53,72.91],[122.76,72.82],[121.73,72.97],[121.05,72.92],[119.8,73.0],[120.73,72.86],[119.91,72.92],[119.63,73.01],[119.57,73.07],[119.73,73.01],[119.78,73.06],[119.62,73.1],[119.21,73.07],[118.4,73.23],[118.43,73.42],[119.0,73.49],[118.63,73.56],[115.34,73.7],[114.92,73.6],[113.52,73.51],[113.87,73.35],[113.59,73.23],[113.67,73.16],[113.58,73.14],[113.48,73.23],[113.55,73.34],[113.2,73.45],[113.46,73.63],[113.16,73.87],[112.83,74.0],[113.0,73.79],[112.81,73.72],[111.89,73.73],[111.32,73.85],[110.88,73.76],[110.84,73.72],[110.92,73.7]]],[[[129.51,73.0],[129.53,72.99],[129.57,72.99],[129.53,73.01],[129.51,73.0]]],[[[122.89,73.04],[122.84,73.07],[122.73,73.06],[122.89,73.03],[122.89,73.04]]],[[[122.47,73.06],[122.51,73.05],[122.55,73.07],[122.54,73.08],[122.47,73.06]]],[[[122.14,73.03],[122.21,73.01],[122.22,73.02],[122.18,73.03],[122.14,73.03]]],[[[122.53,72.99],[122.37,73.07],[122.29,73.05],[122.45,72.99],[122.53,72.99]]],[[[122.69,73.07],[122.68,73.08],[122.63,73.08],[122.66,73.06],[122.69,73.07]]],[[[128.98,73.12],[129.01,73.14],[128.95,73.12],[128.98,73.12]]],[[[120.2,73.0],[120.51,73.02],[120.1,73.15],[119.57,73.14],[119.83,73.04],[120.2,73.0]]],[[[113.68,73.36],[113.73,73.35],[113.8,73.34],[113.71,73.37],[113.68,73.36]]],[[[118.72,73.38],[118.75,73.38],[118.79,73.41],[118.67,73.4],[118.72,73.38]]],[[[128.67,73.28],[128.49,73.28],[128.47,73.26],[128.69,73.27],[128.67,73.28]]],[[[118.82,73.35],[118.77,73.36],[118.66,73.33],[118.79,73.32],[118.82,73.35]]],[[[120.12,73.18],[120.06,73.19],[120.05,73.18],[120.12,73.18]]],[[[123.22,73.57],[123.29,73.56],[123.33,73.57],[123.22,73.57]]],[[[125.6,73.56],[125.64,73.57],[125.6,73.58],[125.6,73.56]]],[[[125.3,73.6],[125.31,73.58],[125.33,73.59],[125.3,73.6]]],[[[123.41,73.61],[123.36,73.62],[123.29,73.6],[123.34,73.6],[123.41,73.61]]],[[[123.51,73.68],[123.4,73.67],[123.37,73.65],[123.44,73.68],[123.51,73.68]]],[[[123.53,73.71],[123.57,73.7],[123.57,73.72],[123.53,73.71]]],[[[124.78,73.71],[124.79,73.71],[124.81,73.73],[124.78,73.71]]],[[[123.15,73.96],[123.18,73.96],[123.24,73.99],[123.2,73.99],[123.15,73.96]]],[[[140.07,73.35],[140.8,73.42],[142.5,73.22],[143.61,73.21],[143.48,73.31],[143.53,73.48],[143.41,73.55],[142.07,73.91],[141.14,73.86],[140.56,73.49],[139.78,73.41],[140.07,73.35]]],[[[124.77,73.88],[124.75,73.85],[124.83,73.89],[124.77,73.88]]],[[[123.74,73.82],[123.78,73.8],[123.83,73.85],[123.76,73.83],[123.74,73.82]]],[[[140.63,73.9],[140.51,73.91],[141.04,74.01],[141.11,74.19],[140.69,74.27],[140.2,74.2],[140.22,74.03],[140.39,73.93],[140.53,73.9],[140.63,73.9]]],[[[136.07,73.92],[136.3,73.91],[136.08,74.07],[135.44,74.24],[135.45,74.16],[135.59,74.16],[136.07,73.92]]],[[[124.88,73.9],[124.9,73.88],[124.95,73.89],[124.88,73.9]]],[[[123.14,73.9],[123.15,73.89],[123.21,73.91],[123.14,73.9]]],[[[124.72,73.93],[124.26,73.87],[124.65,73.82],[124.83,73.9],[124.72,73.93]]]]}},{"id":"feature_62","type":"Feature","properties":{"name":"Дагестан"},"geometry":{"type":"MultiPolygon","coordinates":[[[[45.7,44.98],[45.52,44.68],[45.24,44.56],[45.23,44.47],[45.43,44.43],[45.37,44.29],[45.1,44.19],[45.5,44.18],[45.49,44.01],[46.07,43.93],[46.0,43.88],[46.08,43.82],[46.36,43.94],[46.32,44.01],[46.44,44.0],[46.45,43.88],[46.65,43.83],[46.32,43.45],[46.42,43.3],[46.38,43.15],[46.52,43.07],[46.47,43.02],[46.53,42.92],[46.37,42.84],[46.31,42.91],[46.18,42.89],[46.11,42.8],[46.17,42.73],[45.77,42.49],[45.75,42.31],[45.61,42.21],[45.93,42.03],[46.26,42.01],[46.59,41.8],[46.76,41.86],[47.02,41.55],[47.13,41.58],[47.31,41.3],[47.55,41.2],[47.9,41.23],[48.04,41.48],[48.39,41.6],[48.59,41.85],[48.36,41.96],[47.89,42.58],[47.73,42.67],[47.7,42.87],[47.48,43.0],[47.56,43.3],[47.49,43.3],[47.5,43.45],[47.74,43.92],[47.55,43.86],[47.47,43.51],[47.41,43.49],[47.33,43.61],[47.53,43.79],[47.24,44.2],[46.68,44.47],[46.7,44.69],[46.9,44.81],[46.81,44.76],[46.5,44.93],[45.7,44.98]]],[[[47.81,43.95],[47.87,43.98],[47.63,43.96],[47.77,43.93],[47.81,43.95]]],[[[47.52,44.45],[47.49,44.49],[47.48,44.45],[47.57,44.43],[47.54,44.49],[47.52,44.45]]]]}},{"id":"feature_63","type":"Feature","properties":{"name":"Омская область"},"geometry":{"type":"Polygon","coordinates":[[[75.11,58.58],[74.22,58.14],[73.13,58.16],[72.81,58.0],[72.17,58.01],[71.99,58.12],[71.21,58.05],[71.24,58.33],[71.31,58.38],[70.85,58.53],[70.36,57.9],[70.43,57.89],[70.39,57.78],[70.56,57.72],[70.6,57.58],[70.69,57.55],[70.37,57.33],[70.7,57.2],[70.79,57.37],[70.98,57.39],[71.12,57.2],[71.61,56.93],[71.68,56.77],[71.37,56.63],[71.02,56.68],[71.11,56.62],[71.08,56.52],[70.74,56.42],[70.93,56.38],[70.95,56.31],[70.73,56.25],[70.92,56.09],[70.81,55.9],[70.48,55.91],[70.58,55.82],[70.83,55.83],[70.55,55.79],[70.56,55.65],[70.76,55.58],[70.44,55.41],[70.46,55.28],[70.81,55.29],[71.02,55.08],[70.96,54.89],[71.03,54.77],[71.29,54.67],[71.17,54.57],[71.2,54.31],[71.0,54.33],[71.18,54.09],[71.3,54.18],[71.72,54.1],[71.75,54.25],[72.18,54.12],[72.22,54.18],[72.1,54.21],[72.14,54.3],[72.01,54.37],[72.2,54.35],[72.34,54.25],[72.31,54.19],[72.52,54.14],[72.37,54.08],[72.43,53.91],[72.71,53.96],[72.68,54.04],[72.53,54.04],[72.61,54.14],[73.0,54.1],[73.07,53.99],[73.3,53.94],[73.51,53.94],[73.63,54.07],[73.77,54.05],[73.7,53.86],[73.46,53.88],[73.26,53.67],[73.25,53.57],[73.45,53.44],[73.67,53.61],[73.82,53.58],[73.91,53.65],[74.07,53.63],[74.06,53.57],[74.24,53.59],[74.39,53.46],[74.48,53.56],[74.43,53.59],[74.46,53.69],[74.63,53.67],[74.8,53.82],[75.06,53.8],[75.44,53.97],[75.38,54.07],[75.69,54.12],[75.69,54.55],[75.85,54.61],[75.8,54.7],[75.69,54.67],[75.64,54.81],[75.53,54.8],[75.51,54.91],[75.33,54.91],[75.41,54.99],[75.37,55.07],[75.09,55.38],[75.31,55.54],[75.14,55.58],[75.26,55.63],[75.09,55.73],[75.37,55.74],[75.26,55.84],[75.73,56.11],[76.31,56.16],[76.08,56.29],[76.11,56.45],[75.83,56.42],[76.04,56.62],[76.29,56.7],[76.1,57.24],[75.97,57.39],[75.85,57.39],[75.7,57.63],[75.55,57.63],[75.57,57.93],[75.07,58.12],[75.24,58.2],[75.06,58.34],[75.38,58.45],[75.11,58.58]]]}},{"id":"feature_64","type":"Feature","properties":{"name":"Республика Коми"},"geometry":{"type":"Polygon","coordinates":[[[49.0,66.11],[49.06,65.22],[49.64,65.29],[50.24,64.83],[50.5,64.79],[50.36,64.51],[49.55,64.58],[49.48,64.42],[48.96,64.48],[48.88,64.33],[48.52,64.36],[48.47,64.2],[48.2,64.23],[48.16,64.35],[47.35,64.35],[46.32,64.25],[45.85,64.28],[45.4,64.17],[45.6,64.06],[46.81,63.76],[47.02,63.58],[46.94,63.35],[47.05,63.25],[47.57,63.14],[47.44,62.96],[47.06,62.83],[47.25,62.64],[47.23,62.34],[47.4,62.33],[47.39,62.18],[47.64,62.18],[47.66,62.33],[48.32,62.31],[48.26,62.51],[48.35,62.73],[48.68,62.7],[48.74,62.85],[49.64,62.77],[49.37,62.13],[49.23,62.1],[49.05,61.68],[49.5,61.61],[49.32,61.15],[48.48,61.02],[48.42,60.84],[48.56,60.55],[48.5,60.47],[48.63,60.42],[48.53,60.4],[48.79,60.35],[48.49,60.2],[48.52,59.71],[49.1,59.66],[49.04,59.48],[49.57,59.39],[49.52,59.22],[49.82,59.21],[49.86,59.66],[50.09,59.68],[49.99,59.78],[50.27,59.75],[50.4,59.84],[50.83,59.86],[51.18,60.05],[51.47,59.92],[51.98,60.28],[52.32,60.23],[52.35,60.44],[52.12,60.46],[52.15,60.54],[51.77,60.58],[51.89,60.88],[52.36,60.83],[52.43,60.98],[52.81,60.94],[52.87,61.09],[53.42,61.03],[53.35,60.88],[53.61,60.85],[53.83,60.84],[53.88,60.98],[54.98,60.86],[55.05,61.01],[55.2,60.99],[55.27,61.15],[55.73,61.09],[55.81,61.25],[56.27,61.19],[56.38,61.44],[56.57,61.42],[56.65,61.52],[58.84,61.49],[59.35,61.66],[59.42,61.75],[59.33,61.84],[59.49,61.95],[59.4,62.16],[59.61,62.37],[59.64,62.55],[59.44,62.57],[59.36,62.75],[59.46,62.89],[59.2,63.03],[59.32,63.12],[59.37,63.37],[59.31,63.39],[59.47,63.55],[59.56,63.91],[59.84,64.09],[59.56,64.25],[59.65,64.38],[59.6,64.5],[59.46,64.5],[59.61,64.65],[59.74,64.66],[59.63,64.8],[60.21,65.08],[60.73,64.93],[60.81,65.02],[60.95,65.01],[61.14,65.17],[61.3,65.18],[61.36,65.25],[61.3,65.33],[62.0,65.72],[62.8,65.86],[62.91,65.97],[62.79,66.0],[63.11,66.25],[63.28,66.22],[63.23,66.33],[63.42,66.47],[65.14,66.91],[65.08,67.04],[65.25,67.09],[65.18,67.14],[65.75,67.33],[65.7,67.38],[66.01,67.41],[66.09,67.5],[66.05,67.58],[65.82,67.54],[65.79,67.64],[66.16,67.65],[66.25,67.73],[66.02,67.81],[66.13,67.91],[66.08,67.94],[65.36,67.95],[65.27,68.23],[65.47,68.42],[64.58,68.36],[64.53,68.28],[64.58,68.2],[63.87,68.03],[64.0,67.9],[63.71,67.8],[63.76,67.72],[63.43,67.77],[63.14,67.69],[62.83,67.52],[62.92,67.45],[62.87,67.37],[61.73,67.1],[61.6,66.99],[53.88,67.0],[52.15,67.1],[51.78,66.92],[51.53,66.94],[51.54,66.77],[49.0,66.11]]]}},{"id":"feature_65","type":"Feature","properties":{"name":"Чеченская республика"},"geometry":{"type":"Polygon","coordinates":[[[44.83,43.68],[44.85,43.56],[45.16,43.41],[45.11,43.26],[45.25,42.91],[45.09,42.71],[45.33,42.53],[45.77,42.49],[46.17,42.73],[46.11,42.8],[46.18,42.89],[46.31,42.91],[46.37,42.84],[46.53,42.92],[46.47,43.02],[46.52,43.07],[46.38,43.15],[46.42,43.3],[46.32,43.45],[46.65,43.83],[46.45,43.88],[46.44,44.0],[46.32,44.01],[46.36,43.94],[46.08,43.82],[46.0,43.88],[46.07,43.93],[45.49,44.01],[45.44,43.88],[45.06,43.96],[45.06,43.72],[44.83,43.68]]]}},{"id":"feature_66","type":"Feature","properties":{"name":"Кабардино-Балкарская республика"},"geometry":{"type":"Polygon","coordinates":[[[42.68,43.81],[42.68,43.7],[42.46,43.62],[42.41,43.26],[42.67,43.14],[42.86,43.18],[43.18,42.94],[43.4,42.9],[43.44,42.97],[43.57,42.94],[43.83,43.32],[43.92,43.24],[44.0,43.27],[44.0,43.21],[44.1,43.27],[44.04,43.35],[44.11,43.43],[44.17,43.35],[44.32,43.45],[44.35,43.39],[44.44,43.43],[44.48,43.58],[44.43,43.69],[44.28,43.71],[44.29,43.81],[44.42,44.02],[44.27,43.92],[43.92,44.02],[43.73,43.82],[43.47,43.87],[43.32,43.8],[43.22,43.96],[43.15,43.96],[43.15,43.9],[42.68,43.81]]]}},{"id":"feature_67","type":"Feature","properties":{"name":"Саратовская область"},"geometry":{"type":"Polygon","coordinates":[[[43.04,52.37],[42.92,52.36],[42.89,52.21],[42.77,52.18],[42.82,52.02],[42.73,52.01],[42.67,51.81],[42.51,51.71],[42.52,51.6],[42.86,51.4],[42.95,51.27],[42.88,51.23],[43.36,51.0],[43.92,51.16],[44.02,51.16],[44.02,51.07],[44.19,51.09],[44.23,51.2],[44.5,51.21],[44.59,51.12],[44.64,51.18],[45.0,51.15],[45.22,51.04],[45.2,50.97],[45.32,50.88],[45.28,50.72],[45.19,50.71],[45.19,50.59],[45.68,50.58],[45.72,50.74],[45.84,50.76],[46.09,50.67],[46.06,50.53],[46.28,50.53],[46.5,50.55],[46.46,50.62],[46.57,50.61],[46.58,50.71],[46.73,50.7],[46.86,50.64],[46.8,50.58],[46.91,50.49],[47.21,50.51],[47.23,50.37],[47.43,50.38],[47.58,50.47],[47.83,50.33],[48.23,49.87],[48.44,49.8],[48.75,49.92],[48.9,50.02],[48.76,50.1],[48.81,50.17],[48.65,50.61],[48.57,50.63],[48.83,50.6],[49.12,50.79],[49.42,50.85],[49.34,50.99],[49.46,51.13],[49.78,51.11],[50.36,51.33],[50.37,51.43],[50.55,51.48],[50.59,51.64],[50.82,51.59],[50.77,51.77],[50.7,51.93],[50.35,51.98],[50.35,52.04],[50.16,52.01],[50.22,52.13],[49.8,52.17],[49.73,52.27],[49.62,52.25],[49.57,52.4],[49.45,52.32],[49.43,52.4],[49.29,52.39],[49.35,52.46],[49.17,52.5],[48.96,52.49],[48.88,52.41],[48.69,52.64],[48.31,52.68],[48.43,52.81],[48.09,52.79],[47.99,52.73],[48.09,52.73],[48.06,52.68],[47.93,52.65],[47.81,52.74],[47.72,52.57],[47.5,52.62],[47.06,52.54],[46.98,52.64],[46.8,52.62],[46.58,52.73],[46.33,52.68],[46.0,52.51],[45.96,52.4],[45.64,52.51],[45.43,52.39],[45.09,52.4],[45.06,52.31],[44.53,52.53],[44.53,52.45],[44.4,52.43],[44.32,52.28],[43.75,52.43],[43.37,52.35],[43.18,52.45],[43.04,52.37]]]}},{"id":"feature_68","type":"Feature","properties":{"name":"Калининградская область"},"geometry":{"type":"Polygon","coordinates":[[[20.95,55.28],[20.45,54.95],[19.98,54.96],[19.94,54.72],[19.64,54.46],[21.44,54.32],[22.79,54.36],[22.69,54.59],[22.88,54.83],[22.59,55.07],[22.07,55.03],[21.5,55.19],[21.38,55.29],[20.95,55.28]]]}},{"id":"feature_69","type":"Feature","properties":{"name":"Орловская область"},"geometry":{"type":"Polygon","coordinates":[[[35.14,53.28],[35.13,53.14],[35.33,53.08],[34.82,52.87],[35.11,52.7],[35.0,52.66],[34.99,52.51],[34.85,52.45],[34.93,52.37],[35.07,52.32],[35.61,52.44],[35.67,52.25],[36.32,52.38],[36.52,52.22],[37.21,52.08],[37.18,52.04],[37.42,51.93],[37.51,52.02],[37.74,52.02],[37.76,52.16],[38.04,52.25],[38.06,52.33],[37.72,52.6],[37.89,52.74],[37.8,52.85],[37.88,52.89],[37.87,53.01],[37.73,53.13],[37.61,53.1],[37.59,53.28],[36.78,53.3],[36.7,53.39],[36.5,53.39],[36.3,53.55],[36.03,53.56],[35.99,53.63],[35.93,53.65],[35.77,53.51],[35.61,53.54],[35.53,53.43],[35.43,53.44],[35.38,53.33],[35.14,53.28]]]}},{"id":"feature_70","type":"Feature","properties":{"name":"Республика Карелия"},"geometry":{"type":"MultiPolygon","coordinates":[[[[36.66,64.09],[36.69,64.1],[36.68,64.12],[36.66,64.09]]],[[[36.65,64.2],[36.75,64.18],[36.72,64.22],[36.64,64.24],[36.55,64.23],[36.65,64.2]]],[[[36.45,64.22],[36.46,64.21],[36.5,64.22],[36.45,64.22]]],[[[36.42,64.34],[36.48,64.32],[36.5,64.33],[36.42,64.34],[36.42,64.34]]],[[[36.5,64.28],[36.46,64.3],[36.38,64.31],[36.39,64.29],[36.5,64.28]]],[[[36.11,64.38],[36.15,64.37],[36.13,64.39],[36.11,64.38]]],[[[35.44,64.39],[35.46,64.39],[35.47,64.4],[35.44,64.39]]],[[[35.73,64.38],[35.76,64.37],[35.76,64.38],[35.71,64.39],[35.73,64.38]]],[[[35.53,64.4],[35.54,64.39],[35.58,64.41],[35.53,64.4]]],[[[36.13,64.34],[36.12,64.35],[36.09,64.35],[36.1,64.34],[36.13,64.34]]],[[[36.0,64.34],[35.92,64.4],[35.84,64.38],[35.95,64.31],[36.0,64.34]]],[[[29.31,61.33],[29.58,61.18],[30.39,61.12],[32.92,60.68],[33.27,60.79],[33.18,60.82],[33.47,60.93],[33.45,61.0],[33.78,60.94],[33.92,61.07],[33.74,61.13],[33.54,61.08],[33.45,61.15],[33.55,61.21],[34.23,61.24],[34.44,61.15],[34.54,61.28],[34.77,61.31],[35.08,61.24],[35.39,61.28],[35.39,61.14],[35.7,61.21],[36.5,61.42],[36.59,61.54],[37.03,61.61],[37.31,61.51],[37.82,61.53],[37.76,61.62],[37.88,61.72],[37.94,61.97],[37.81,62.01],[37.7,62.21],[37.45,62.2],[37.64,62.48],[37.55,62.62],[37.07,62.65],[36.53,62.79],[36.26,63.01],[36.39,63.23],[36.25,63.21],[36.19,63.43],[35.89,63.58],[36.46,63.63],[36.59,63.75],[36.55,63.95],[36.25,64.01],[36.17,64.09],[36.24,64.13],[35.96,64.19],[35.86,64.35],[35.62,64.39],[35.61,64.32],[35.35,64.3],[35.33,64.4],[35.17,64.34],[35.16,64.42],[34.99,64.42],[35.08,64.5],[34.84,64.51],[35.03,64.66],[34.84,64.68],[35.05,64.77],[34.96,64.77],[34.93,64.92],[34.71,64.96],[34.94,65.0],[34.8,65.0],[34.84,65.08],[34.68,65.14],[34.74,65.19],[34.47,65.27],[34.53,65.33],[34.31,65.37],[34.7,65.43],[34.65,65.48],[34.8,65.58],[34.72,65.66],[35.02,65.69],[34.98,65.72],[35.05,65.75],[34.51,66.08],[33.65,66.3],[33.92,66.31],[33.87,66.36],[33.5,66.3],[33.45,66.33],[33.67,66.33],[33.5,66.39],[33.83,66.43],[33.15,66.55],[32.59,66.58],[32.55,66.48],[32.36,66.48],[32.34,66.35],[31.94,66.35],[31.83,66.37],[31.79,66.5],[31.62,66.5],[31.57,66.65],[29.32,66.66],[29.93,66.13],[30.14,65.67],[29.72,65.64],[29.86,65.56],[29.73,65.47],[29.75,65.35],[29.6,65.26],[29.89,65.21],[29.82,65.14],[29.9,65.11],[29.63,65.06],[29.61,64.93],[29.74,64.79],[30.09,64.77],[30.04,64.74],[30.14,64.65],[29.99,64.59],[30.04,64.4],[30.48,64.26],[30.56,64.13],[30.26,63.82],[29.97,63.76],[30.48,63.47],[31.24,63.22],[31.26,63.12],[31.59,62.91],[31.16,62.45],[30.66,62.21],[29.31,61.33]]],[[[35.08,64.44],[35.09,64.43],[35.12,64.44],[35.08,64.44]]],[[[35.02,64.44],[35.03,64.44],[35.0,64.45],[35.02,64.44]]],[[[35.66,64.61],[35.71,64.61],[35.62,64.62],[35.66,64.61]]],[[[35.56,64.69],[35.51,64.68],[35.61,64.65],[35.6,64.67],[35.56,64.69]]],[[[34.98,64.71],[34.97,64.7],[35.0,64.7],[34.98,64.71]]],[[[35.05,64.74],[35.1,64.74],[35.1,64.76],[35.05,64.74]]],[[[35.09,64.83],[35.1,64.82],[35.13,64.82],[35.09,64.83]]],[[[35.0,64.82],[35.04,64.82],[34.99,64.83],[35.0,64.82]]],[[[35.21,64.93],[35.22,64.92],[35.24,64.94],[35.21,64.93]]],[[[35.03,64.97],[35.0,64.97],[34.94,64.94],[34.96,64.93],[35.03,64.97]]],[[[35.1,64.93],[35.07,64.89],[35.19,64.93],[35.17,64.96],[35.1,64.93]]],[[[35.02,65.03],[35.03,65.02],[35.05,65.03],[35.02,65.03]]],[[[34.86,65.05],[34.91,65.05],[34.89,65.05],[34.86,65.05]]],[[[35.03,64.97],[35.05,64.96],[35.08,64.98],[35.03,64.99],[35.03,64.97]]]]}},{"id":"feature_71","type":"Feature","properties":{"name":"Иркутская область"},"geometry":{"type":"Polygon","coordinates":[[[108.09,64.25],[108.25,64.25],[108.38,64.05],[107.77,64.02],[107.57,63.9],[106.62,64.01],[106.79,63.88],[106.6,63.72],[106.69,63.67],[106.6,63.56],[106.47,63.54],[106.74,63.4],[106.62,63.32],[106.41,63.35],[106.34,63.24],[106.44,63.22],[106.4,63.13],[106.12,63.09],[106.19,62.92],[106.51,62.79],[106.47,62.7],[106.77,62.64],[106.67,62.56],[106.76,62.5],[106.43,62.4],[106.48,62.34],[106.35,62.28],[106.47,62.26],[106.4,62.04],[105.9,61.84],[105.98,61.69],[105.36,61.54],[105.28,61.42],[104.78,61.35],[104.95,61.32],[105.04,61.18],[104.86,61.19],[104.63,61.08],[104.63,60.91],[104.47,60.85],[104.61,60.72],[104.5,60.62],[104.64,60.52],[104.66,60.41],[104.9,60.3],[105.51,60.23],[105.42,60.15],[105.5,60.0],[105.41,59.95],[105.51,59.84],[105.07,59.88],[104.98,59.85],[105.03,59.78],[104.76,59.68],[104.97,59.47],[105.23,59.44],[105.18,59.29],[105.37,59.12],[104.77,58.84],[104.89,58.74],[104.81,58.67],[104.47,58.61],[104.21,58.79],[103.89,58.74],[103.96,58.77],[103.95,58.9],[103.63,58.92],[103.23,59.18],[103.22,59.24],[103.35,59.27],[103.02,59.32],[102.83,59.19],[102.43,59.15],[102.45,58.94],[102.56,58.91],[102.52,58.71],[102.21,58.53],[101.7,58.41],[101.55,58.25],[101.11,58.1],[101.17,58.04],[101.02,57.88],[100.82,57.88],[100.91,57.77],[100.81,57.64],[100.97,57.48],[100.76,57.4],[100.4,57.55],[100.32,57.68],[100.38,57.74],[100.14,57.86],[100.09,58.07],[100.0,58.08],[99.68,58.08],[99.43,57.79],[98.98,57.72],[98.75,57.8],[97.95,57.83],[97.34,57.03],[97.67,56.97],[97.47,56.82],[97.79,56.8],[97.74,56.55],[97.88,56.53],[97.88,56.38],[97.56,56.38],[97.57,56.19],[97.41,56.16],[97.36,56.03],[97.13,56.11],[96.99,56.0],[96.99,55.85],[96.79,55.79],[96.75,55.73],[96.82,55.69],[96.75,55.66],[96.85,55.6],[96.85,55.43],[96.94,55.32],[96.66,55.23],[96.68,55.08],[96.59,55.03],[96.72,54.9],[96.54,54.53],[96.07,54.57],[95.9,54.39],[95.71,54.41],[95.65,54.3],[96.07,54.08],[96.06,54.0],[96.48,53.69],[96.69,53.65],[96.73,53.72],[96.89,53.73],[97.33,53.59],[97.59,53.38],[97.98,53.35],[98.0,53.25],[98.29,53.23],[98.31,53.09],[98.93,53.15],[99.06,53.09],[99.0,53.03],[99.23,52.96],[99.4,53.11],[99.84,53.2],[99.87,53.31],[100.27,53.37],[100.42,53.25],[100.33,53.16],[100.38,53.1],[100.91,52.78],[101.41,52.63],[101.69,52.4],[101.96,52.32],[101.93,52.22],[102.15,52.28],[102.57,52.22],[102.76,52.0],[103.23,51.81],[103.18,51.62],[103.24,51.51],[103.37,51.43],[103.59,51.49],[103.8,51.43],[103.81,51.13],[104.2,51.28],[104.59,51.29],[104.67,51.34],[104.6,51.63],[105.6,51.85],[106.17,52.36],[108.01,53.24],[108.37,53.76],[109.0,54.34],[109.07,54.43],[108.55,54.54],[108.7,54.66],[108.76,54.93],[108.69,55.02],[108.8,55.17],[108.61,55.44],[108.7,55.5],[108.68,55.61],[108.78,55.61],[108.82,55.85],[108.97,55.94],[109.27,55.96],[109.24,56.02],[108.99,56.01],[108.87,56.19],[108.56,56.32],[108.74,56.5],[108.67,56.57],[109.42,56.74],[109.75,56.7],[109.88,56.78],[109.89,56.9],[110.09,56.99],[110.58,56.83],[110.76,56.89],[111.16,56.82],[111.34,56.9],[111.33,56.97],[111.53,57.13],[111.79,56.91],[112.08,56.96],[112.22,56.86],[112.43,56.86],[112.68,56.97],[112.74,56.95],[112.68,56.87],[112.72,56.77],[112.87,56.69],[113.32,56.63],[113.5,56.69],[113.79,56.61],[113.86,56.52],[114.16,56.7],[114.77,56.69],[114.91,56.91],[115.08,56.98],[114.99,57.03],[115.07,57.11],[115.65,57.12],[115.84,57.25],[116.15,57.23],[116.25,57.14],[115.73,56.96],[116.11,56.82],[116.32,56.87],[116.74,56.74],[117.11,56.82],[117.32,56.96],[117.4,56.85],[117.56,56.87],[117.55,56.95],[117.68,57.04],[117.58,57.17],[117.72,57.21],[117.78,57.32],[117.59,57.35],[117.45,57.26],[117.45,57.37],[117.34,57.36],[117.25,57.54],[117.34,57.56],[117.33,57.63],[117.14,57.65],[117.18,57.77],[117.07,57.83],[117.43,57.93],[117.41,58.14],[117.59,58.18],[117.47,58.33],[117.83,58.44],[118.26,58.4],[118.68,58.18],[119.12,58.24],[119.06,58.36],[119.12,58.52],[118.76,58.63],[118.87,58.82],[118.75,58.93],[118.87,58.99],[118.69,59.06],[118.67,59.19],[118.84,59.32],[118.75,59.35],[118.76,59.43],[118.36,59.53],[118.24,59.65],[118.05,59.64],[117.91,59.45],[117.83,59.45],[117.77,59.57],[117.57,59.48],[117.25,59.51],[117.11,59.61],[117.2,59.68],[117.22,59.87],[117.01,59.92],[117.35,60.02],[116.99,60.05],[116.94,60.2],[116.61,60.3],[116.59,60.38],[116.18,60.39],[115.75,60.55],[115.21,60.49],[115.02,60.24],[114.57,60.13],[114.49,60.03],[114.57,59.99],[114.3,59.89],[114.15,59.75],[113.59,59.59],[113.62,59.52],[113.43,59.4],[113.53,59.35],[113.46,59.27],[113.28,59.16],[112.81,59.13],[112.73,59.05],[112.61,59.05],[112.61,59.11],[112.51,59.06],[112.6,58.99],[112.52,58.89],[112.44,58.92],[112.45,59.15],[112.65,59.31],[112.28,59.3],[112.34,59.43],[112.27,59.53],[111.94,59.28],[111.65,59.22],[111.45,59.29],[111.22,59.2],[110.72,59.28],[110.55,59.18],[110.6,59.14],[110.5,59.06],[110.26,58.99],[109.82,58.99],[109.73,59.09],[109.64,59.06],[109.63,59.16],[109.51,59.19],[109.51,59.31],[109.24,59.33],[109.35,59.43],[109.25,59.47],[109.54,59.67],[109.48,59.77],[109.76,60.03],[109.69,60.08],[109.72,60.23],[109.95,60.42],[109.95,60.5],[110.14,60.6],[110.06,60.68],[110.29,60.7],[110.26,60.84],[110.48,61.0],[110.54,61.16],[110.22,61.17],[110.11,61.28],[109.76,61.33],[109.87,61.55],[109.6,61.75],[109.58,61.91],[109.98,62.16],[109.92,62.26],[109.99,62.31],[109.89,62.37],[109.91,62.44],[109.45,62.42],[109.25,62.58],[109.47,62.69],[109.51,62.79],[109.68,62.84],[109.48,62.97],[109.53,63.01],[109.47,63.02],[109.51,63.11],[109.46,63.11],[109.41,63.37],[109.28,63.37],[109.08,63.58],[108.14,63.6],[108.13,63.66],[108.3,63.72],[108.31,63.85],[108.8,63.87],[108.71,63.93],[108.76,64.02],[108.52,64.13],[108.6,64.19],[108.5,64.31],[108.09,64.25]]]}},{"id":"feature_72","type":"Feature","properties":{"name":"Амурская область"},"geometry":{"type":"Polygon","coordinates":[[[119.86,56.9],[119.66,56.78],[119.89,56.68],[119.8,56.6],[119.95,56.49],[120.25,56.48],[120.24,56.4],[120.53,56.29],[120.04,56.16],[120.12,55.87],[121.19,56.04],[121.34,55.82],[121.34,55.52],[121.56,55.51],[121.78,55.63],[121.99,55.51],[121.94,55.23],[122.03,55.2],[121.91,55.12],[121.96,55.0],[121.64,54.76],[121.91,54.8],[121.93,54.57],[122.15,54.46],[121.94,54.38],[121.82,54.45],[121.7,54.41],[121.65,54.36],[121.78,54.17],[121.63,54.1],[121.93,53.85],[121.97,53.55],[122.11,53.43],[122.34,53.5],[122.43,53.44],[122.85,53.46],[123.27,53.56],[123.48,53.5],[123.59,53.55],[124.11,53.35],[124.23,53.38],[124.43,53.21],[124.88,53.1],[124.88,53.17],[125.16,53.2],[125.52,53.05],[125.6,53.08],[125.74,52.98],[125.65,52.87],[125.83,52.9],[125.94,52.76],[126.11,52.76],[125.97,52.61],[126.2,52.53],[126.19,52.47],[126.35,52.38],[126.31,52.33],[126.42,52.3],[126.3,52.21],[126.56,52.12],[126.44,52.03],[126.46,51.94],[126.72,51.73],[126.68,51.58],[126.83,51.53],[126.78,51.44],[126.92,51.36],[126.81,51.33],[126.84,51.25],[126.97,51.33],[126.9,51.2],[126.92,51.05],[127.3,50.73],[127.37,50.57],[127.28,50.47],[127.36,50.43],[127.32,50.33],[127.6,50.24],[127.49,50.01],[127.53,49.82],[127.67,49.77],[127.69,49.67],[128.17,49.53],[128.75,49.59],[128.76,49.47],[128.98,49.46],[129.07,49.35],[129.5,49.42],[129.56,49.29],[129.71,49.29],[129.91,49.04],[130.23,48.86],[130.63,48.88],[130.83,48.99],[131.05,48.97],[131.11,49.23],[131.42,49.26],[131.53,49.43],[131.51,49.61],[131.35,49.7],[131.52,49.76],[131.46,49.8],[131.52,49.9],[131.39,49.98],[131.39,50.16],[131.46,50.18],[131.31,50.38],[131.03,50.44],[130.94,50.36],[130.88,50.48],[131.03,50.58],[130.99,50.64],[130.72,50.61],[130.64,50.66],[130.88,50.89],[130.77,50.99],[130.95,51.04],[131.04,51.24],[131.18,51.26],[131.25,51.36],[131.49,51.35],[131.4,51.69],[131.6,51.67],[132.3,51.81],[132.45,51.89],[132.39,51.97],[132.53,51.96],[132.57,52.08],[132.82,52.18],[133.09,52.15],[133.42,52.23],[133.24,52.45],[133.3,52.53],[133.26,52.68],[133.87,52.51],[134.63,52.44],[134.6,52.54],[134.75,52.68],[134.65,52.72],[134.6,52.9],[134.86,53.1],[134.82,53.19],[134.92,53.26],[134.78,53.38],[134.92,53.4],[134.53,53.62],[134.05,53.45],[133.71,53.47],[133.6,53.55],[133.42,53.52],[133.16,53.41],[133.14,53.31],[132.9,53.3],[132.86,53.24],[132.11,53.24],[131.9,53.14],[131.81,53.26],[131.44,53.22],[131.53,53.33],[131.44,53.74],[130.44,53.89],[130.39,53.93],[130.5,53.99],[130.51,54.12],[130.74,54.3],[131.12,54.33],[131.23,54.56],[131.17,54.64],[131.93,54.89],[132.09,55.0],[131.97,55.02],[132.09,55.06],[132.44,55.09],[132.37,55.25],[132.61,55.24],[132.68,55.36],[132.97,55.4],[132.66,55.52],[132.66,55.63],[132.44,55.74],[131.83,55.65],[130.95,55.71],[130.63,55.76],[130.0,55.71],[129.66,55.79],[129.05,55.7],[129.07,55.51],[128.79,55.49],[128.68,55.57],[128.51,55.54],[128.29,55.7],[127.85,55.66],[127.73,55.73],[127.54,55.66],[127.59,55.59],[127.46,55.58],[127.19,55.72],[126.94,55.69],[126.86,55.61],[126.73,55.6],[126.69,55.67],[126.49,55.57],[126.1,55.59],[126.09,55.71],[125.84,55.8],[125.57,55.74],[125.25,55.91],[124.96,55.84],[124.64,55.94],[124.48,55.89],[124.39,56.05],[124.21,56.08],[124.18,56.2],[123.81,56.42],[123.2,56.44],[122.89,56.6],[122.64,56.48],[122.17,56.75],[121.61,56.74],[121.59,56.85],[121.41,56.99],[120.55,57.04],[119.86,56.9]]]}},{"id":"feature_73","type":"Feature","properties":{"name":"Еврейская автономная область"},"geometry":{"type":"Polygon","coordinates":[[[130.63,48.88],[130.68,48.85],[130.52,48.62],[130.64,48.48],[130.76,48.5],[130.83,48.3],[130.65,48.09],[131.03,47.69],[132.55,47.71],[132.68,47.87],[132.66,47.95],[132.81,47.93],[133.05,48.1],[133.52,48.12],[134.19,48.38],[134.77,48.38],[135.0,48.53],[134.95,48.63],[134.55,48.6],[134.4,48.75],[134.05,48.64],[133.73,48.76],[133.59,48.73],[133.28,48.85],[133.26,49.06],[133.05,49.21],[132.81,49.24],[132.77,49.34],[132.39,49.3],[132.39,49.41],[132.24,49.49],[132.08,49.48],[131.99,49.26],[131.8,49.34],[131.49,49.21],[131.42,49.26],[131.11,49.23],[131.05,48.97],[130.83,48.99],[130.63,48.88]]]}},{"id":"feature_74","type":"Feature","properties":{"name":"Хабаровский край"},"geometry":{"type":"MultiPolygon","coordinates":[[[[136.45,54.63],[136.33,54.7],[136.26,54.68],[136.28,54.65],[136.45,54.63]]],[[[138.22,54.7],[138.25,54.71],[138.18,54.72],[138.2,54.7],[138.22,54.7]]],[[[137.69,54.64],[137.99,54.77],[138.0,54.9],[138.22,55.03],[137.55,55.18],[137.24,54.76],[137.48,54.87],[137.69,54.64]]],[[[138.41,55.05],[138.41,55.09],[138.33,55.08],[138.33,55.05],[138.41,55.05]]],[[[141.41,53.32],[141.48,53.3],[141.4,53.34],[141.32,53.35],[141.33,53.33],[141.41,53.32]]],[[[139.79,54.34],[139.81,54.35],[139.76,54.34],[139.79,54.34]]],[[[137.79,54.37],[137.96,54.46],[137.84,54.48],[137.71,54.37],[137.79,54.37]]],[[[137.59,54.38],[137.66,54.38],[137.61,54.55],[137.54,54.4],[137.59,54.38]]],[[[130.95,55.71],[131.83,55.65],[132.44,55.74],[132.66,55.63],[132.66,55.52],[132.97,55.4],[132.68,55.36],[132.61,55.24],[132.37,55.25],[132.44,55.09],[132.09,55.06],[131.97,55.02],[132.09,55.0],[131.93,54.89],[131.17,54.64],[131.23,54.56],[131.12,54.33],[130.74,54.3],[130.51,54.12],[130.5,53.99],[130.39,53.93],[130.44,53.89],[131.44,53.74],[131.53,53.33],[131.44,53.22],[131.81,53.26],[131.9,53.14],[132.11,53.24],[132.86,53.24],[132.9,53.3],[133.14,53.31],[133.16,53.41],[133.42,53.52],[133.6,53.55],[133.71,53.47],[134.05,53.45],[134.53,53.62],[134.92,53.4],[134.78,53.38],[134.92,53.26],[134.82,53.19],[134.86,53.1],[134.6,52.9],[134.65,52.72],[134.75,52.68],[134.6,52.54],[134.63,52.44],[133.87,52.51],[133.26,52.68],[133.3,52.53],[133.24,52.45],[133.42,52.23],[133.09,52.15],[132.82,52.18],[132.57,52.08],[132.53,51.96],[132.39,51.97],[132.45,51.89],[132.3,51.81],[131.6,51.67],[131.4,51.69],[131.49,51.35],[131.25,51.36],[131.18,51.26],[131.04,51.24],[130.95,51.04],[130.77,50.99],[130.88,50.89],[130.64,50.66],[130.72,50.61],[130.99,50.64],[131.03,50.58],[130.88,50.48],[130.94,50.36],[131.03,50.44],[131.31,50.38],[131.46,50.18],[131.39,50.16],[131.39,49.98],[131.52,49.9],[131.46,49.8],[131.52,49.76],[131.35,49.7],[131.51,49.61],[131.53,49.43],[131.42,49.26],[131.49,49.21],[131.8,49.34],[131.99,49.26],[132.08,49.48],[132.24,49.49],[132.39,49.41],[132.39,49.3],[132.77,49.34],[132.81,49.24],[133.05,49.21],[133.26,49.06],[133.28,48.85],[133.59,48.73],[133.73,48.76],[134.05,48.64],[134.4,48.75],[134.55,48.6],[134.95,48.63],[135.0,48.53],[134.77,48.38],[134.56,47.97],[134.77,47.72],[134.56,47.48],[134.3,47.43],[134.17,47.32],[134.22,47.11],[134.06,46.98],[134.01,46.66],[134.43,46.7],[134.44,46.97],[134.55,46.97],[134.66,47.12],[135.01,47.13],[135.09,47.21],[135.43,47.04],[135.36,46.92],[135.75,46.97],[135.71,46.92],[135.95,46.8],[136.09,46.87],[136.23,46.78],[136.62,46.8],[136.98,47.03],[136.93,47.08],[137.04,47.28],[137.47,47.21],[138.08,47.51],[137.97,47.62],[138.05,47.7],[137.42,47.81],[137.61,47.92],[137.31,48.1],[137.59,48.25],[137.88,48.21],[138.31,48.46],[138.47,48.41],[138.55,48.2],[138.7,48.21],[138.72,48.14],[138.58,48.03],[138.83,47.87],[138.76,47.76],[138.51,47.68],[138.63,47.6],[138.54,47.48],[139.03,47.4],[139.26,47.8],[140.17,48.44],[140.19,48.75],[140.39,48.98],[140.23,48.98],[140.33,49.04],[140.31,49.22],[140.42,49.3],[140.55,49.56],[140.53,49.78],[140.4,49.89],[140.69,50.09],[140.5,50.17],[140.43,50.72],[140.5,50.87],[140.65,50.96],[140.67,51.32],[140.86,51.37],[140.87,51.44],[140.76,51.46],[140.89,51.5],[140.87,51.61],[141.11,51.68],[141.17,51.83],[141.42,51.96],[141.35,52.1],[141.54,52.15],[141.53,52.24],[141.26,52.29],[141.11,52.47],[141.29,52.66],[141.16,52.79],[141.23,52.87],[141.14,52.87],[141.15,52.99],[141.44,53.17],[141.34,53.22],[141.42,53.29],[140.91,53.43],[140.96,53.49],[141.32,53.38],[141.09,53.47],[140.73,53.56],[140.57,53.64],[140.26,53.87],[140.33,53.95],[139.79,54.2],[139.73,54.3],[139.32,54.17],[138.66,54.29],[138.74,54.25],[138.66,54.06],[138.76,54.08],[138.77,53.98],[138.66,53.71],[138.49,53.54],[138.28,53.55],[138.58,53.79],[138.58,53.99],[138.37,53.9],[138.32,53.76],[137.95,53.58],[137.32,53.53],[137.25,53.6],[137.5,53.66],[137.61,53.83],[137.84,53.96],[137.57,53.96],[137.33,54.11],[137.48,54.09],[137.75,54.32],[137.4,54.31],[137.19,54.21],[137.08,54.12],[137.16,54.04],[137.29,54.05],[137.19,53.86],[136.79,53.78],[136.68,53.92],[136.81,54.13],[136.75,54.42],[136.83,54.43],[136.83,54.64],[136.69,54.6],[136.67,54.68],[136.52,54.59],[135.74,54.57],[135.64,54.66],[135.21,54.7],[135.27,54.75],[135.18,54.86],[135.54,55.09],[136.13,55.29],[136.41,55.57],[136.8,55.66],[137.29,55.96],[137.39,55.95],[137.43,56.04],[137.72,56.14],[138.06,56.44],[138.23,56.42],[138.11,56.58],[138.26,56.62],[138.45,56.84],[138.55,56.86],[138.58,56.79],[138.61,56.96],[138.91,57.03],[138.93,57.14],[139.49,57.34],[139.6,57.46],[139.79,57.48],[139.99,57.7],[140.49,57.84],[140.78,58.3],[141.54,58.6],[142.08,59.03],[142.4,59.18],[143.27,59.36],[145.69,59.43],[145.8,59.37],[145.97,59.41],[145.83,59.24],[146.05,59.14],[146.35,59.21],[146.3,59.39],[146.44,59.46],[146.94,59.37],[147.11,59.41],[147.12,59.7],[147.21,59.73],[147.06,59.93],[146.8,59.91],[146.69,60.09],[146.54,60.1],[146.37,60.25],[145.86,60.17],[145.56,60.31],[145.66,60.39],[145.53,60.46],[146.08,60.74],[146.44,60.67],[146.53,60.84],[146.5,60.94],[146.75,61.0],[146.66,61.07],[146.76,61.09],[146.75,61.39],[146.69,61.41],[146.74,61.47],[146.58,61.53],[146.6,61.62],[146.35,61.84],[145.97,62.0],[145.63,62.05],[145.62,61.97],[145.45,61.95],[144.96,62.07],[144.74,62.05],[144.58,61.97],[144.62,61.91],[144.55,61.85],[144.22,61.73],[143.95,61.75],[144.0,61.89],[143.92,61.99],[143.64,61.86],[143.65,62.02],[143.33,62.03],[143.23,62.12],[142.96,61.9],[142.72,61.97],[142.44,61.87],[142.18,62.07],[141.83,62.02],[141.85,62.08],[141.56,62.16],[141.31,62.42],[141.13,62.4],[141.06,62.49],[140.79,62.53],[140.67,62.42],[140.42,62.42],[140.31,62.34],[140.28,62.04],[139.99,61.98],[139.93,61.8],[139.78,61.64],[139.69,61.66],[139.55,61.47],[139.06,61.43],[138.97,61.32],[138.74,61.34],[138.64,61.28],[138.7,61.21],[138.34,61.11],[138.36,61.01],[138.21,60.86],[138.43,60.7],[138.27,60.48],[138.32,60.33],[138.18,60.21],[138.26,60.07],[138.18,59.84],[138.27,59.71],[138.22,59.65],[138.02,59.67],[138.08,59.75],[138.03,59.82],[137.9,59.74],[137.63,59.75],[137.45,59.65],[137.5,59.56],[136.77,59.34],[135.69,59.51],[135.35,59.34],[135.19,59.11],[134.81,59.14],[134.72,59.22],[134.48,59.14],[134.08,59.26],[133.63,59.23],[133.52,59.31],[132.83,59.12],[132.76,59.03],[132.84,58.99],[132.78,58.89],[132.59,58.89],[132.49,58.8],[132.55,58.66],[132.39,58.56],[132.43,58.51],[132.14,58.52],[132.23,58.39],[132.2,58.25],[132.11,58.28],[131.99,58.16],[132.14,58.08],[131.99,58.05],[131.67,58.21],[131.44,58.18],[132.07,57.68],[131.72,57.58],[131.78,57.54],[131.6,57.43],[131.61,57.31],[131.49,57.26],[131.28,57.34],[131.12,57.25],[131.19,57.17],[131.49,57.11],[131.51,57.02],[131.84,56.77],[131.68,56.68],[131.65,56.54],[131.72,56.47],[131.5,56.56],[131.42,56.45],[131.22,56.52],[131.1,56.41],[131.14,56.29],[130.86,55.91],[130.95,55.71]]]]}},{"id":"feature_75","type":"Feature","properties":{"name":"Кемеровская область"},"geometry":{"type":"Polygon","coordinates":[[[84.46,56.04],[84.57,56.0],[84.46,55.89],[84.61,55.8],[84.54,55.72],[84.71,55.67],[84.78,55.53],[84.62,55.4],[84.92,55.32],[84.82,55.23],[84.93,55.16],[84.84,54.99],[85.09,54.82],[84.89,54.73],[85.0,54.68],[84.93,54.61],[85.12,54.44],[85.43,54.19],[85.63,54.21],[85.87,54.04],[86.13,53.98],[86.18,53.81],[86.29,53.83],[86.4,53.6],[86.81,53.45],[86.93,53.5],[86.85,53.32],[86.63,53.25],[86.64,53.18],[87.05,53.04],[86.91,52.85],[87.07,52.7],[87.16,52.71],[87.13,52.62],[87.65,52.42],[87.89,52.54],[88.23,52.4],[88.41,52.45],[88.47,52.34],[88.38,52.18],[88.71,52.26],[88.7,52.36],[89.11,52.59],[89.05,52.71],[89.24,52.8],[89.07,52.96],[88.91,52.99],[89.08,53.16],[89.01,53.2],[89.04,53.28],[88.91,53.39],[88.76,53.36],[88.88,53.5],[88.84,53.6],[88.99,53.66],[89.05,53.79],[89.24,53.82],[89.16,53.89],[89.2,53.95],[89.04,53.94],[89.01,54.01],[89.24,54.27],[89.12,54.35],[88.97,54.29],[88.86,54.42],[88.63,54.28],[88.36,54.38],[88.54,54.43],[88.63,54.76],[88.75,54.79],[88.75,54.88],[88.55,55.0],[88.56,55.12],[88.43,55.28],[88.6,55.43],[88.91,55.66],[89.35,55.77],[89.4,55.87],[89.28,55.89],[89.28,56.05],[89.04,56.2],[89.04,56.3],[88.6,56.43],[88.61,56.53],[88.5,56.62],[88.66,56.62],[88.74,56.71],[88.62,56.72],[88.65,56.82],[88.6,56.8],[88.36,56.83],[87.66,56.54],[87.6,56.66],[87.36,56.59],[87.39,56.65],[87.17,56.66],[87.22,56.57],[87.12,56.54],[86.68,56.64],[86.44,56.55],[86.22,56.63],[86.11,56.5],[85.56,56.28],[85.67,56.21],[85.23,56.23],[84.99,56.11],[84.9,56.16],[84.46,56.04]]]}},{"id":"feature_76","type":"Feature","properties":{"name":"Республика Хакасия"},"geometry":{"type":"Polygon","coordinates":[[[88.38,52.18],[88.25,52.05],[88.15,52.1],[87.98,51.95],[87.89,51.78],[88.11,51.74],[87.9,51.55],[87.94,51.48],[88.44,51.28],[88.7,51.39],[88.66,51.53],[88.79,51.55],[89.21,51.66],[89.25,51.54],[89.44,51.61],[89.66,51.54],[89.93,51.76],[90.14,51.76],[90.01,51.97],[90.16,52.06],[90.14,52.15],[90.49,52.2],[90.9,52.6],[91.26,52.64],[91.48,52.89],[91.45,53.14],[91.74,53.18],[91.93,53.35],[91.86,53.46],[91.63,53.53],[91.57,53.71],[91.46,53.77],[91.43,53.86],[91.57,54.09],[91.31,54.33],[91.26,54.51],[90.92,54.65],[90.95,54.85],[90.51,54.9],[90.5,55.06],[90.13,55.15],[89.66,55.0],[89.61,55.03],[89.66,55.07],[89.56,55.09],[89.42,55.01],[89.06,55.12],[89.12,55.18],[89.01,55.23],[89.01,55.32],[88.6,55.43],[88.43,55.28],[88.56,55.12],[88.55,55.0],[88.75,54.88],[88.75,54.79],[88.63,54.76],[88.54,54.43],[88.36,54.38],[88.63,54.28],[88.86,54.42],[88.97,54.29],[89.12,54.35],[89.24,54.27],[89.01,54.01],[89.04,53.94],[89.2,53.95],[89.16,53.89],[89.24,53.82],[89.05,53.79],[88.99,53.66],[88.84,53.6],[88.88,53.5],[88.76,53.36],[88.91,53.39],[89.04,53.28],[89.01,53.2],[89.08,53.16],[88.91,52.99],[89.07,52.96],[89.24,52.8],[89.05,52.71],[89.11,52.59],[88.7,52.36],[88.71,52.26],[88.38,52.18]],[[88.63,55.32],[88.65,55.32],[88.66,55.3],[88.65,55.3],[88.63,55.32]]]}},{"id":"feature_77","type":"Feature","properties":{"name":"Ярославская область"},"geometry":{"type":"Polygon","coordinates":[[[37.63,58.48],[37.63,58.42],[37.38,58.36],[37.43,58.28],[37.33,58.24],[37.72,58.08],[37.51,58.04],[37.5,57.97],[37.36,57.99],[37.45,57.91],[37.33,57.89],[37.63,57.66],[37.81,57.63],[37.81,57.44],[37.88,57.4],[38.3,57.36],[38.31,57.26],[38.15,57.22],[38.25,57.03],[38.1,56.86],[38.24,56.79],[38.32,56.66],[38.42,56.7],[38.56,56.61],[38.55,56.54],[38.77,56.61],[39.27,56.54],[39.4,56.77],[39.4,56.86],[39.55,56.96],[39.52,57.02],[39.86,57.08],[39.85,57.17],[40.43,57.29],[40.41,57.49],[40.51,57.52],[40.44,57.54],[40.63,57.57],[40.72,57.66],[40.6,57.9],[40.81,58.01],[40.78,58.07],[40.89,58.11],[40.91,58.2],[41.19,58.33],[40.93,58.58],[40.19,58.56],[40.02,58.74],[39.61,58.91],[38.99,58.96],[38.93,58.9],[39.04,58.86],[38.92,58.81],[38.92,58.73],[38.06,58.73],[37.9,58.61],[37.71,58.63],[37.63,58.48]]]}},{"id":"feature_78","type":"Feature","properties":{"name":"Удмуртская республика"},"geometry":{"type":"MultiPolygon","coordinates":[[[[53.84,56.62],[53.96,56.6],[54.1,56.66],[54.01,56.67],[53.84,56.62]]],[[[53.79,58.46],[53.21,58.4],[53.25,58.44],[53.1,58.55],[52.89,58.53],[52.84,58.39],[52.17,58.49],[51.79,58.36],[51.82,58.29],[51.68,58.15],[51.79,58.15],[51.82,58.02],[51.93,58.0],[51.82,57.84],[51.95,57.77],[51.86,57.73],[51.83,57.57],[51.59,57.46],[51.17,57.44],[51.13,57.24],[51.24,57.14],[51.22,57.04],[51.54,56.89],[51.39,56.77],[51.39,56.67],[51.18,56.68],[51.13,56.51],[51.4,56.29],[51.36,56.2],[51.5,56.21],[51.44,56.13],[51.64,56.11],[51.4,56.03],[51.46,55.92],[51.74,55.98],[51.78,55.89],[51.95,55.99],[52.16,55.9],[52.25,55.97],[52.24,56.1],[52.76,55.99],[52.71,56.13],[52.85,56.08],[52.88,56.16],[52.56,56.24],[52.78,56.4],[52.92,56.4],[52.97,56.46],[52.89,56.5],[53.03,56.54],[53.15,56.52],[52.94,56.28],[53.0,56.18],[53.07,56.21],[53.06,56.13],[53.16,56.16],[53.33,56.06],[53.35,56.17],[53.23,56.24],[53.57,56.24],[53.57,56.13],[53.22,55.94],[53.24,55.87],[53.7,55.92],[53.84,56.04],[54.01,56.01],[54.2,56.2],[54.39,56.26],[54.38,56.38],[54.33,56.48],[54.24,56.46],[54.04,56.58],[54.08,56.64],[53.84,56.6],[53.9,56.68],[53.8,56.82],[54.03,56.76],[54.15,56.98],[54.43,57.04],[54.29,57.11],[54.31,57.31],[54.12,57.35],[54.27,57.46],[53.99,57.56],[54.13,57.62],[54.05,57.64],[54.15,57.7],[54.09,57.92],[54.14,57.96],[53.79,58.24],[53.89,58.31],[53.79,58.46]],[[52.2,56.06],[52.22,56.07],[52.22,56.06],[52.2,56.06]]]]}},{"id":"feature_79","type":"Feature","properties":{"name":"Вологодская область"},"geometry":{"type":"Polygon","coordinates":[[[34.72,59.09],[34.9,59.05],[34.87,58.99],[35.02,58.92],[35.18,58.95],[35.13,58.82],[35.28,58.77],[35.46,58.86],[35.76,58.84],[35.83,58.82],[35.75,58.82],[35.78,58.75],[35.96,58.75],[35.91,58.74],[35.99,58.68],[36.1,58.72],[36.23,58.58],[36.18,58.51],[36.5,58.52],[36.66,58.7],[36.83,58.74],[36.77,58.8],[37.07,58.86],[37.2,58.81],[37.29,58.65],[37.63,58.48],[37.71,58.63],[37.9,58.61],[38.06,58.73],[38.92,58.73],[38.92,58.81],[39.04,58.86],[38.93,58.9],[38.99,58.96],[39.61,58.91],[40.02,58.74],[40.19,58.56],[40.93,58.58],[41.22,58.71],[41.16,58.8],[41.27,58.9],[41.18,58.9],[41.19,58.96],[42.06,59.13],[42.1,59.25],[41.94,59.28],[42.04,59.43],[42.22,59.41],[42.28,59.26],[42.64,59.33],[42.8,59.17],[43.14,59.29],[43.38,59.2],[43.34,59.27],[43.5,59.31],[43.53,59.18],[43.77,59.27],[44.17,59.24],[44.35,59.13],[45.04,59.12],[45.06,59.2],[45.34,59.22],[45.98,59.17],[46.02,59.32],[46.37,59.34],[46.41,59.62],[47.12,59.6],[47.15,59.75],[46.92,59.77],[47.04,60.13],[46.77,60.04],[46.35,60.11],[46.27,60.23],[46.76,60.23],[46.84,60.36],[46.76,60.36],[46.87,60.41],[46.87,60.51],[47.04,60.54],[46.96,60.66],[47.07,60.84],[46.82,60.88],[46.82,60.96],[46.54,60.98],[46.53,61.04],[46.3,60.97],[45.76,61.01],[45.81,61.16],[45.34,61.2],[45.25,60.89],[44.16,60.97],[44.18,61.06],[43.98,61.06],[43.78,61.04],[43.77,60.9],[43.54,60.86],[43.52,60.77],[43.15,60.81],[42.99,60.73],[42.66,60.89],[42.57,60.77],[42.37,60.77],[41.82,60.92],[41.38,60.85],[41.37,60.64],[40.43,60.78],[40.28,60.68],[40.01,60.65],[39.65,60.75],[39.19,60.72],[39.18,60.64],[38.93,60.77],[38.62,60.72],[38.59,60.8],[38.4,60.81],[38.37,60.91],[38.18,60.99],[38.27,61.07],[38.01,61.14],[38.02,61.23],[37.87,61.29],[37.82,61.53],[37.31,61.51],[37.03,61.61],[36.59,61.54],[36.5,61.42],[35.7,61.21],[35.7,61.0],[35.17,60.77],[35.3,60.6],[35.27,60.34],[35.16,60.26],[35.21,60.07],[35.15,60.02],[35.45,59.98],[35.38,59.86],[35.41,59.72],[35.62,59.71],[35.61,59.61],[35.49,59.65],[35.49,59.54],[35.41,59.53],[35.51,59.5],[35.31,59.52],[35.44,59.4],[35.3,59.34],[35.4,59.32],[34.86,59.22],[34.72,59.09]]]}},{"id":"feature_80","type":"Feature","properties":{"name":"Ингушетия"},"geometry":{"type":"Polygon","coordinates":[[[44.85,43.56],[44.62,43.55],[44.64,43.61],[44.5,43.59],[44.48,43.51],[44.51,43.41],[44.58,43.42],[44.57,43.24],[44.68,43.21],[44.7,43.27],[44.96,43.04],[44.85,42.84],[44.64,42.91],[44.68,42.76],[44.8,42.61],[44.89,42.75],[45.09,42.71],[45.25,42.91],[45.11,43.26],[45.16,43.41],[44.85,43.56]]]}},{"id":"feature_81","type":"Feature","properties":{"name":"Челябинская область"},"geometry":{"type":"Polygon","coordinates":[[[59.04,56.17],[59.34,56.15],[59.31,56.05],[59.19,56.03],[59.22,55.85],[59.13,55.82],[59.32,55.76],[59.34,55.63],[59.25,55.58],[59.39,55.65],[59.65,55.59],[59.46,55.47],[59.18,55.47],[59.16,55.33],[59.01,55.27],[58.91,55.33],[58.84,55.29],[58.93,55.27],[58.73,55.29],[58.73,55.14],[58.65,55.19],[58.57,55.16],[58.82,55.05],[58.73,54.97],[58.45,55.0],[58.36,55.14],[58.25,55.17],[58.13,55.13],[58.2,55.1],[58.09,55.01],[58.13,54.95],[58.01,54.91],[57.93,54.95],[58.03,54.99],[57.99,55.15],[58.13,55.22],[57.53,55.34],[57.25,55.27],[57.24,55.15],[57.13,55.08],[57.26,54.96],[57.14,54.85],[57.48,54.67],[57.6,54.68],[57.75,54.5],[57.98,54.4],[58.38,54.56],[58.62,54.46],[59.06,54.65],[59.26,54.62],[59.62,54.91],[60.0,54.86],[59.85,54.61],[59.65,54.48],[59.74,54.46],[59.67,54.34],[59.79,54.24],[59.71,54.14],[59.33,54.19],[59.14,53.97],[58.91,53.93],[58.96,53.91],[58.91,53.64],[58.81,53.55],[58.91,53.55],[58.87,53.2],[58.91,53.06],[58.99,53.04],[58.84,53.02],[58.86,52.94],[58.76,52.85],[58.8,52.69],[58.75,52.61],[58.84,52.57],[58.77,52.47],[58.86,52.43],[59.0,52.42],[59.16,52.28],[59.25,52.48],[59.41,52.48],[59.5,52.4],[59.82,52.48],[60.16,52.4],[60.17,52.26],[59.91,52.08],[60.01,51.99],[60.25,52.0],[61.07,52.35],[60.98,52.51],[60.84,52.52],[60.84,52.63],[60.72,52.67],[60.71,52.76],[61.07,52.93],[61.02,52.98],[61.47,53.04],[61.63,52.95],[62.13,52.99],[62.11,53.12],[61.68,53.26],[61.52,53.22],[61.18,53.3],[61.16,53.4],[61.26,53.51],[61.43,53.46],[61.59,53.53],[61.56,53.59],[60.9,53.62],[61.23,53.79],[61.0,53.94],[61.28,53.93],[61.25,54.04],[61.41,54.09],[61.57,53.97],[61.85,54.03],[61.93,53.95],[62.04,53.95],[62.01,54.04],[62.42,54.05],[62.49,54.03],[62.4,54.0],[62.44,53.93],[62.55,53.9],[62.59,54.07],[63.36,54.19],[63.1,54.33],[63.18,54.4],[63.13,54.47],[63.29,54.54],[63.2,54.7],[62.67,54.62],[62.55,54.65],[62.55,54.73],[62.28,54.67],[62.02,54.72],[62.12,54.81],[61.97,55.03],[62.19,54.99],[62.29,55.08],[62.07,55.3],[62.24,55.34],[62.19,55.45],[62.3,55.4],[62.62,55.49],[62.47,55.56],[62.55,55.65],[62.53,55.77],[62.3,55.84],[62.37,55.93],[62.24,55.93],[62.23,56.03],[62.06,56.13],[61.84,56.18],[61.87,56.22],[61.67,56.32],[61.16,56.37],[61.09,56.32],[61.18,56.21],[61.11,56.18],[60.66,56.22],[60.68,56.31],[60.58,56.32],[60.55,56.22],[60.26,56.2],[59.76,56.22],[59.64,56.25],[59.72,56.32],[59.22,56.36],[59.14,56.32],[59.17,56.2],[59.04,56.17]]]}},{"id":"feature_82","type":"Feature","properties":{"name":"Башкортостан"},"geometry":{"type":"Polygon","coordinates":[[[53.7,55.92],[54.27,55.7],[53.62,55.21],[53.16,55.17],[53.55,54.88],[53.65,54.91],[53.61,54.7],[53.42,54.56],[53.39,54.42],[53.5,54.06],[53.65,53.75],[53.85,53.68],[54.15,53.39],[54.55,53.36],[54.61,53.22],[54.83,53.28],[55.14,52.81],[55.4,52.83],[55.37,52.68],[55.22,52.72],[55.28,52.63],[55.37,52.68],[55.44,52.59],[55.53,52.6],[55.55,52.54],[55.47,52.52],[55.53,52.39],[55.82,52.36],[55.89,52.41],[55.87,52.55],[56.01,52.55],[56.04,52.65],[56.26,52.55],[56.43,52.6],[56.35,52.5],[56.38,52.42],[56.49,52.45],[56.45,52.3],[56.2,52.14],[56.46,52.21],[56.4,52.16],[56.71,52.06],[56.66,51.96],[56.73,51.92],[56.61,51.83],[56.77,51.76],[56.72,51.59],[56.89,51.61],[56.81,51.77],[57.22,51.58],[57.4,51.73],[57.63,51.75],[57.66,51.87],[58.11,51.79],[58.16,51.72],[58.57,51.77],[58.71,52.04],[58.62,52.14],[58.67,52.3],[58.95,52.28],[58.84,52.36],[58.86,52.43],[58.77,52.47],[58.84,52.57],[58.75,52.61],[58.8,52.69],[58.76,52.85],[58.86,52.94],[58.84,53.02],[58.99,53.04],[58.91,53.06],[58.87,53.2],[58.91,53.55],[58.81,53.55],[58.91,53.64],[58.96,53.91],[58.91,53.93],[59.14,53.97],[59.33,54.19],[59.71,54.14],[59.79,54.24],[59.67,54.34],[59.74,54.46],[59.65,54.48],[59.85,54.61],[60.0,54.86],[59.62,54.91],[59.26,54.62],[59.06,54.65],[58.62,54.46],[58.38,54.56],[57.98,54.4],[57.75,54.5],[57.6,54.68],[57.48,54.67],[57.14,54.85],[57.26,54.96],[57.13,55.08],[57.24,55.15],[57.25,55.27],[57.53,55.34],[58.13,55.22],[57.99,55.15],[58.03,54.99],[57.93,54.95],[58.01,54.91],[58.13,54.95],[58.09,55.01],[58.2,55.1],[58.13,55.13],[58.25,55.17],[58.36,55.14],[58.45,55.0],[58.73,54.97],[58.82,55.05],[58.57,55.16],[58.65,55.19],[58.73,55.14],[58.73,55.29],[58.93,55.27],[58.84,55.29],[58.91,55.33],[59.01,55.27],[59.16,55.33],[59.18,55.47],[59.46,55.47],[59.65,55.59],[59.39,55.65],[59.25,55.58],[59.34,55.63],[59.32,55.76],[59.13,55.82],[59.22,55.85],[59.19,56.03],[59.31,56.05],[59.34,56.15],[59.04,56.17],[58.9,56.05],[58.56,56.17],[58.38,56.08],[57.86,56.15],[57.6,56.09],[57.48,56.12],[57.41,56.34],[57.2,56.25],[57.2,56.17],[56.92,56.1],[56.59,56.26],[56.53,56.4],[56.08,56.29],[55.88,56.46],[55.38,56.32],[55.21,56.37],[55.15,56.31],[54.58,56.53],[54.45,56.35],[54.38,56.38],[54.39,56.26],[54.2,56.2],[54.01,56.01],[53.84,56.04],[53.7,55.92]]]}}]}